Opportunity Name,Research Initiative,Stage,Sub-Stage,Level 2 Government,Bridge Name,GPS (Latitude),GPS (Longitude),Level 1 Government,Level 3 Government,Level 4 Government,Individuals Directly Served,Bridge Type,Span (m),Ground Breaking Date,Close Date,CaseSafeID,Project Code,Randomized Order
Rwanda - Gasugi - 1007570,Rwanda Full Scale Research - Randomized and Baselined - Intervention,Identified,,Nyaruguru,Gasugi,-2.69743,29.43339,Southern Province,Nyabimata,Ruhinga,5413,,,1/27/25,5/1/25,006f100000a86GkAAI,1007570,17
Rwanda - Ruyenzi - 1007582,Rwanda Full Scale Research - Randomized and Baselined - Intervention,Identified,,Nyaruguru,Ruyenzi,-2.755722,29.454917,Southern Province,Ruheru-Nyabimata,Ruyenzi-Kabere(Ruyenzi-Uwigisura),4903,Suspended Bridge,88,12/5/25,3/13/25,006f100000a86GwAAI,1007582,15
Rwanda - Kintare - 1007593,Rwanda Full Scale Research - Randomized and Baselined - Intervention,Identified,,Nyaruguru,Kintare,-2.633202,29.454371,Southern Province,Gahurizo-Cyanyirankora,Kintare-Gakuta,4382,Suspended Bridge,80,11/28/24,3/4/25,006f100000a86H7AAI,1007593,13
Rwanda - Mucyuzi - 1014006,Rwanda Full Scale Research - Randomized and Baselined - Intervention,Identified,,Rubavu,Mucyuzi,-1.69435,29.30102,Western Province,Nyundo,Terimbere/rambura,857,Other,12,6/29/22,9/24/22,006f100000d1e0iAAA,1014006,7
Rwanda - Gihemvu - 1014150,Rwanda Full Scale Research - Randomized and Baselined - Intervention,Identified,,Nyaruguru,Gihemvu,-2.70081,29.492137,Southern Province,Nyabimata_Muganza,Gihemvu-Muganza,3969,Suspended Bridge,94,1/9/24,3/29/25,006f100000d1hNQAAY,1014150,6
Rwanda - Kwarasita - 1012809,Rwanda Full Scale Research - Randomized and Baselined - Intervention,Identified,,Muhanga,Kwarasita,-1.92495,29.78201,Southern Province,Kabacuzi sector,Between Butare cell(Buyoga village) and Ngoma Cell (Peru village ),2101,,180,2/15/25,5/15/25,006f100000d6kstAAA,1012809,16
Rwanda - Shyira - 1013628,Rwanda Full Scale Research - Randomized and Baselined - Intervention,Identified,Requested,Gakenke,Shyira,-1.69922,29.63391,Northern Province,Mugunga - Shyira,Mugunga/rutenderi/nyundo,4596,,,,12/31/25,006f100000d7iQfAAI,1013628,17
Rwanda - Musange - 1013668,Rwanda Full Scale Research - Randomized and Baselined - Intervention,Identified,,Gakenke,Musange,-1.61697,29.79172,Northern Province,Nemba,Mucaca/kiryamo,1610,Suspension Bridge,59,1/3/24,3/6/24,006f100000d7ib4AAA,1013668,15
Rwanda - Rwaninka - 1013736,Rwanda Full Scale Research - Randomized and Baselined - Intervention,Identified,,Nyaruguru,Rwaninka,-2.733162,29.520608,Southern Province,Munini-Ruheru,Ntwali-Gite,3580,Suspended Bridge,108,12/5/24,3/20/25,006f100000d7jImAAI,1013736,11
Rwanda - Banga - 1012550,Rwanda Full Scale Research - Randomized and Baselined - Intervention,Identified,Requested,Gakenke,Banga,-1.6897222,29.80888,Northern Province,Gakenke-Minazi,Ndora-mutara,600,,,,12/31/25,006f100000dhpEmAAI,1012550,18
Rwanda - Karuruma - 1014292,Rwanda Full Scale Research - Randomized and Baselined - Intervention,Identified,,Kamonyi,Karuruma,-2.10672,29.86075,Southern Province,Nyarubaka,Kigusa/kintama,8600,Suspended Bridge,60,11/10/23,12/30/23,006f100000eekhAAAQ,1014292,8
Rwanda - Rugarama1 - 1014293,Rwanda Full Scale Research - Randomized and Baselined - Intervention,Identified,,Kamonyi,Rugarama1,-2.109614,29.84785,Southern Province,Nyarubaka,Kigusa/rugarama,3107,Suspended Bridge,60,8/1/23,10/20/23,006f100000eekhFAAQ,1014293,4
Rwanda - Kadasaya - 1014312,Rwanda Full Scale Research - Randomized and Baselined - Intervention,Identified,Requested,Kamonyi,Kadasaya,-2.041621,29.930816,Southern Province,Rugalika,Bihembe,,,,,12/31/24,006f100000eeqs4AAA,1014312,10
Rwanda - Kagarama - 1013226,Rwanda Full Scale Research - Randomized and Baselined - Long Term Control,Identified,Requested,Nyamagabe,Kagarama,-2.52151722,29.5878311,Southern Province,Kamegeri,Kizi-Gasumba,3709,Suspended Bridge,,3/28/23,6/2/23,006f100000d75zZAAQ,1013226,15
Rwanda - Gaseke - 1013747,Rwanda Full Scale Research - Randomized and Baselined - Long Term Control,Identified,,Rulindo,Gaseke,-1.66082,30.05076,Northern Province,Kisaro,Gitatsa-Kigarama,4830,,,,12/31/18,006f100000d7kjZAAQ,1013747,3
Rwanda - Munanira - 1007556,Rwanda Full Scale Research - Randomized and Baselined - Intervention,Prospecting,,Nyaruguru,Munanira,-2.735612,29.566853,Southern Province,Munini,,1137,Suspended Bridge,115,1/21/23,4/18/23,006f100000a86GWAAY,1007556,16
Rwanda - Bizenga - 1014138,Rwanda Full Scale Research - Randomized and Baselined - Intervention,Prospecting,,Nyamasheke,Bizenga,-2.33616,29.1422,Western Province,Kanjongo,Kibogora-kigarama,6067,Truss Bridge,24,,12/31/24,006f100000d1hIkAAI,1014138,8
Rwanda - Gisizi - 1014318,Rwanda Full Scale Research - Randomized and Baselined - Intervention,Prospecting,,Kamonyi,Gisizi,-1.870868,29.877686,Southern Province,Kayenzi,"Kirwa, Marembo",6357,Suspended Bridge,37,4/17/23,6/30/23,006f100000eescbAAA,1014318,9
Rwanda - Kanyiramana 2 - 1024587,Rwanda Full Scale Research - Randomized and Baselined - Intervention,Complete,In Service,Huye,Kanyiramana 2,-2.479682,29.660946,Southern Province,Kigoma,Kababaji,3761,Suspension Bridge,156,5/15/23,8/18/23,0063Z00000kdQ8KQAU,1024587,1
Rwanda - Gitwa - 1007340,Rwanda Full Scale Research - Randomized and Baselined - Intervention,Complete,In Service,Gakenke,Gitwa,-1.738888,29.755277,Northern Province,Mataba-minazi,Gitwa/gitwa-nyundo/mwanza,2860,Suspended Bridge,52,5/1/21,6/30/21,006f100000a86D2AAI,1007340,7
Rwanda - Ntaruka - 1007347,Rwanda Full Scale Research - Randomized and Baselined - Intervention,Complete,In Service,Gakenke,Ntaruka,-1.781111111,29.87916667,Northern Province,Muhondo-muyongwe,/musenyi/musenyi-/va/gikombe,1600,Suspended Bridge,44,3/29/21,6/28/21,006f100000a86D9AAI,1007347,1
Rwanda - Bukomeye - Taba - 1007380,Rwanda Full Scale Research - Randomized and Baselined - Intervention,Complete,In Service,,Bukomeye - Taba,-2.66052,29.74644,,Mukura,Rango A,3581,Suspension Bridge,116,7/18/22,10/17/22,006f100000a86DgAAI,1007380,2
Rwanda - Karama - 1007400,Rwanda Full Scale Research - Randomized and Baselined - Intervention,Complete,In Service,Muhanga,Karama,-2.07322294,29.71500053,Southern Province,Muhanga,Between Karama Village and Nyamitanga Village,1820,Suspension Bridge,52,10/24/20,2/12/21,006f100000a86E0AAI,1007400,7
Rwanda - Murambi - 1007424,Rwanda Full Scale Research - Randomized and Baselined - Intervention,Complete,In Service,Ngororero,Murambi,-1.85605607,29.62150397,Western Province,Ngororero -Kageyo,Murambi,1000,Suspended Bridge,78,9/6/21,12/16/21,006f100000a86EOAAY,1007424,14
Rwanda - Muhembe - 1007425,Rwanda Full Scale Research - Randomized and Baselined - Intervention,Complete,In Service,Ngororero,Muhembe,-1.82487,29.61382,Western Province,Hindiro -Kageyo,Between Gaseke vilage from Kageyo and Nyagasozi village from Hindiro,2102,Suspended Bridge,92,2/18/21,5/19/21,006f100000a86EPAAY,1007425,7
Rwanda - Mucyabahinja - 1007426,Rwanda Full Scale Research - Randomized and Baselined - Intervention,Complete,In Service,Ngororero,Mucyabahinja,-1.819809,29.6066111,Western Province,Hindiro-Kageyo,Karambo-Nyagasozi and Kiribata- Giseke,3587,Suspended Bridge,86,11/15/21,3/4/22,006f100000a86EQAAY,1007426,10
Rwanda - Mukamira - 1007439,Rwanda Full Scale Research - Randomized and Baselined - Intervention,Complete,In Service,Nyabihu,Mukamira,-1.6198,29.50244,Western Province,Mukamira,Jaba_Cyamabuye,3006,Suspended Bridge,38,11/15/22,5/18/23,006f100000a86EdAAI,1007439,4
Rwanda - Kamiro - 1007444,Rwanda Full Scale Research - Randomized and Baselined - Intervention,Complete,In Service,Nyabihu,Kamiro,-1.681,29.50024,Western Province,Rambura,Rugamba_Kibisabo,3805,Suspended Bridge,58,2/7/22,6/23/22,006f100000a86EiAAI,1007444,3
Rwanda - Mujerenge - 1007463,Rwanda Full Scale Research - Randomized and Baselined - Intervention,Complete,In Service,Nyamagabe,Mujerenge,-2.45195667,29.427665,Southern Province,Buruhukiro,Bushigishigi,995,Suspended Bridge,70,8/9/21,11/22/21,006f100000a86F1AAI,1007463,14
Rwanda - Rwangambibi - 1007465,Rwanda Full Scale Research - Randomized and Baselined - Intervention,Complete,In Service,Nyamagabe,Rwangambibi,-2.345116,29.43387,Southern Province,Gatare,Shyeru,3475,Suspended Bridge,83,8/9/21,11/12/21,006f100000a86F3AAI,1007465,12
Rwanda - Mugote - 1007477,Rwanda Full Scale Research - Randomized and Baselined - Intervention,Complete,In Service,Nyamagabe,Mugote,-2.4477333,29.41455333,Southern Province,Buruhukiro,Kizimyamuriro,1720,Suspended Bridge,60,8/9/21,11/9/21,006f100000a86FFAAY,1007477,13
Rwanda - Mutiwingoma - 1007481,Rwanda Full Scale Research - Randomized and Baselined - Intervention,Complete,In Service,Nyamagabe,Mutiwingoma,-2.364085,29.553359,Southern Province,Mbazi-Kaduha,Mutiwingoma,2601,Suspension Bridge,120,7/7/20,11/6/20,006f100000a86FJAAY,1007481,8
Rwanda - Nyakabuye - Nkomane - 1007495,Rwanda Full Scale Research - Randomized and Baselined - Intervention,Complete,In Service,Nyamagabe,Nyakabuye - Nkomane,-2.233574,29.575366,Southern Province,Musange,Gasave,2790,Suspension Bridge,78,7/7/20,10/23/20,006f100000a86FXAAY,1007495,6
Rwanda - Kibiraro - 1007499,Rwanda Full Scale Research - Randomized and Baselined - Intervention,Complete,In Service,Nyamagabe,Kibiraro,-2.294523,29.55516,Southern Province,Kaduha,Murambi,2492,Suspended Bridge,80,2/14/22,6/24/22,006f100000a86FbAAI,1007499,17
Rwanda - Cyarera - 1007528,Rwanda Full Scale Research - Randomized and Baselined - Intervention,Complete,In Service,Nyanza,Cyarera,-2.29248,29.61608,Southern Province,Cyabakamyi-Musange,Karama - Gasagara,1967,Suspension Bridge,150,7/11/22,10/14/22,006f100000a86G4AAI,1007528,1
Rwanda - Gashasho - 1007600,Rwanda Full Scale Research - Randomized and Baselined - Intervention,Complete,In Service,Rubavu,Gashasho,-1.71333,29.3925,Western Province,Kanama,Karambo/ndongoshoru,1013,Suspended Bridge,62,8/15/22,12/14/22,006f100000a86HEAAY,1007600,6
Rwanda - Muduha - 1007617,Rwanda Full Scale Research - Randomized and Baselined - Intervention,Complete,In Service,Rulindo,Muduha,-1.72441,30.0589,Northern Province,Burega-Buyoga,Rutangamundu-Gahororo,800,Suspension Bridge,52,7/11/22,10/28/22,006f100000a86HVAAY,1007617,5
Rwanda - Nyarurama - 1007630,Rwanda Full Scale Research - Randomized and Baselined - Intervention,Complete,In Service,Rulindo,Nyarurama,-1.75497,30.08422,Northern Province,Ntarabana-Mutete,Nyarurama-Kagarama,2556,Suspended Bridge,103,8/1/23,10/22/23,006f100000a86HiAAI,1007630,9
Rwanda - Gihinga - 1007637,Rwanda Full Scale Research - Randomized and Baselined - Intervention,Complete,In Service,Rulindo,Gihinga,-1.75328,30.01969,Northern Province,Cyinzuzi,KIDOGO,4230,Suspended Bridge,110,8/8/23,11/3/23,006f100000a86HpAAI,1007637,13
Rwanda - Mitabi - 1007647,Rwanda Full Scale Research - Randomized and Baselined - Intervention,Complete,In Service,Rulindo,Mitabi,-1.74817,30.03081,Northern Province,Burega,Karengeri,2832,Suspended Bridge,50,8/1/23,10/29/23,006f100000a86HzAAI,1007647,7
Rwanda - Gitovu - 1007649,Rwanda Full Scale Research - Randomized and Baselined - Intervention,Complete,In Service,Rulindo,Gitovu,-1.62269,29.89036,Northern Province,Base-Cyungo,Rwamahwa/ Cyungo,2155,Suspended Bridge,75,7/11/22,10/8/22,006f100000a86I1AAI,1007649,2
Rwanda - Rutanzogera - 1007672,Rwanda Full Scale Research - Randomized and Baselined - Intervention,Complete,In Service,Rutsiro,Rutanzogera,-1.95555,29.95166,Western Province,Rusebeya,Ruronde-gashubi,3437,Suspended Bridge,82,10/17/22,5/5/23,006f100000a86IOAAY,1007672,11
Rwanda - Nyagakizi - 1009714,Rwanda Full Scale Research - Randomized and Baselined - Intervention,Complete,In Service,Gicumbi,Nyagakizi,-1.53328,30.1727,Northern Province,Bwisige,Gihuke-Nyagakizi,1216,Suspension Bridge,77,5/23/22,8/29/22,006f100000bMK1XAAW,1009714,3
Rwanda - Gihororo - 1010427,Rwanda Full Scale Research - Randomized and Baselined - Intervention,Complete,In Service,Ruhango,Gihororo,-2.12117,29.6109,Southern Province,kinihira,Bweramvura,1408,Suspension Bridge,120,4/24/23,6/26/23,006f100000bh0JKAAY,1010427,1
Rwanda - Karama - Muhengeri - 1010917,Rwanda Full Scale Research - Randomized and Baselined - Intervention,Complete,In Service,Gicumbi,Karama - Muhengeri,-1.66992,30.05585,Northern Province,Mutete,Muhengeri,1619,Suspended Bridge,70,5/23/22,8/29/22,006f100000c5ivZAAQ,1010917,1
Rwanda - Ruhondo - 1010919,Rwanda Full Scale Research - Randomized and Baselined - Intervention,Complete,In Service,Gicumbi,Ruhondo,-1.693048,30.06977,Northern Province,Mutete,Mutandi,1177,Suspension Bridge,92,8/1/23,10/13/23,006f100000c5jCGAAY,1010919,
Rwanda - Rusayo - 1012004,Rwanda Full Scale Research - Randomized and Baselined - Intervention,Complete,In Service,Rutsiro,Rusayo,-1.96222,29.461388,Western Province,Rusebeya-manihira-mushubati,Kabona/byiniro-haniro/rukondo-gitwa/rububa,2200,Suspended Bridge,108,10/17/22,1/31/23,006f100000cx4bNAAQ,1012004,10
Rwanda - Nyabihunyira - 1014011,Rwanda Full Scale Research - Randomized and Baselined - Intervention,Complete,In Service,Nyamasheke,Nyabihunyira,-2.554196,29.043492,Western Province,Karengera~ nyakabuye,Higiro~ nyabintare,10588,Suspended Bridge,78,3/2/22,5/27/22,006f100000d1f2TAAQ,1014011,12
Rwanda - Nyabikeri - 1014031,Rwanda Full Scale Research - Randomized and Baselined - Intervention,Complete,In Service,Karongi,Nyabikeri,-2.20900667,29.47158,Western Province,Ruganda,Nyabikeri(Nyabikeri-Gahororo),4001,Hybrid Suspension Bridge,90,7/2/20,6/18/21,006f100000d1fMsAAI,1014031,1
Rwanda - Kaduha - 1014039,Rwanda Full Scale Research - Randomized and Baselined - Intervention,Complete,In Service,Karongi,Kaduha,-2.234305,29.436305,Western Province,Ruganda-Mutuntu,Nyamugwagwa-Murengezo(Kaduha-Karambo),5357,Suspended Bridge,77,3/15/23,7/7/23,006f100000d1fNWAAY,1014039,8
Rwanda - Munini I - 1014052,Rwanda Full Scale Research - Randomized and Baselined - Intervention,Complete,In Service,Karongi,Munini I,-2.18836,29.37793,Western Province,Rwankuba sector,Nyantwa village ( Bigugu cell ) - Byimana village ( Munini cell ),2697,Suspension Bridge,63,11/15/21,2/18/22,006f100000d1fPNAAY,1014052,5
Rwanda - Mugonero - 1014056,Rwanda Full Scale Research - Randomized and Baselined - Intervention,Complete,In Service,Karongi,Mugonero,-2.14763,29.34468,Western Province,Rwankuba sector,Kanyarusanga village ( Rubazo cell ) - Kigarama village ( Bisesero cell ),540,Suspended Bridge,104,7/6/20,6/25/21,006f100000d1fPrAAI,1014056,4
Rwanda - Gasharu - 1014069,Rwanda Full Scale Research - Randomized and Baselined - Intervention,Complete,In Service,Karongi,Gasharu,-2.13333,29.3625,Western Province,Rwankuba sector,Gasharu village- Wingwa village & Kigogwe village ( all villages are in Nyarusanga cell ),3021,Suspended Bridge,48,7/2/20,6/8/21,006f100000d1fTFAAY,1014069,2
Rwanda - Kiyovu-buhanda - 1014094,Rwanda Full Scale Research - Randomized and Baselined - Intervention,Complete,In Service,Rusizi,Kiyovu-buhanda,-2.70183,29.03029,Western Province,Bugarama,Pera/buhanga,1259,Hybrid Suspension Bridge,86,6/20/22,11/3/22,006f100000d1fVpAAI,1014094,3
Rwanda - Kabingo1 - 1014099,Rwanda Full Scale Research - Randomized and Baselined - Intervention,Complete,In Service,Rusizi,Kabingo1,-2.588367,29.095324,Western Province,Butare,Gatereri/nyakibanda,6500,Suspended Bridge,98,6/20/22,10/6/22,006f100000d1fWJAAY,1014099,2
Rwanda - Rwengezi - 1014104,Rwanda Full Scale Research - Randomized and Baselined - Intervention,Complete,In Service,Rusizi,Rwengezi,-2.58744,29.10611,Western Province,Butare,Rwambogo,5996,Suspended Bridge,120,6/1/22,9/22/22,006f100000d1fjmAAA,1014104,1
Rwanda - Kavumu - 1014119,Rwanda Full Scale Research - Randomized and Baselined - Intervention,Complete,In Service,Nyamasheke,Kavumu,-2.37608,29.16455,Western Province,Rangiro_Kanjongo,Murambi-Susa,4871,Suspended Bridge,80,9/19/22,12/12/22,006f100000d1hDLAAY,1014119,18
Rwanda - Mukaka - 1012800,Rwanda Full Scale Research - Randomized and Baselined - Intervention,Complete,In Service,Rulindo,Mukaka,-1.62147,29.96712,Northern Province,Rukozo-Miyove,Mbuye-Miyove,2456,Suspension Bridge,118,3/7/22,6/10/22,006f100000d6kr4AAA,1012800,1
Rwanda - Nkegete - 1012807,Rwanda Full Scale Research - Randomized and Baselined - Intervention,Complete,In Service,Muhanga,Nkegete,-1.91078,29.77379,Southern Province,Kabacuzi,Ngoma Cell (Between Peru Village and Nkegete Village),1441,Suspended Bridge,77,4/29/23,6/29/23,006f100000d6ksKAAQ,1012807,17
Rwanda - Kamiranzogera - 1012810,Rwanda Full Scale Research - Randomized and Baselined - Intervention,Complete,In Service,Muhanga,Kamiranzogera,-1.93662,29.73471,Southern Province,Kabacuzi,Between Kabuga village of Kabuye cell and Kamiranzogera village of Kibyimba cell,3200,Suspended Bridge,68,9/19/22,11/30/22,006f100000d6kt3AAA,1012810,13
Rwanda - Mushepari - 1012811,Rwanda Full Scale Research - Randomized and Baselined - Intervention,Complete,In Service,Rubavu,Mushepari,-1.696388,29.273055,Western Province,Rugerero,Rwaza/gateko-rwaza/mushoko,1900,Suspension Bridge,42,8/15/22,11/1/22,006f100000d6kvJAAQ,1012811,2
Rwanda - Rurongora - 1012816,Rwanda Full Scale Research - Randomized and Baselined - Intervention,Complete,In Service,Nyamagabe,Rurongora,-2.34152,29.466329,Southern Province,Musebeya-kaduha,Nyarurambi,1962,Suspended Bridge,96,8/9/21,11/12/21,006f100000d6kx0AAA,1012816,9
Rwanda - Kamushi - 1012830,Rwanda Full Scale Research - Randomized and Baselined - Intervention,Complete,In Service,Nyanza,Kamushi,-2.33542,29.67251,Southern Province,Rwabicuma - Cyabakamyi,Nyarusange - Nyabinyenga,3708,Suspended Bridge,59,3/5/23,6/2/23,006f100000d6mY6AAI,1012830,4
Rwanda - Gasharu - 1012831,Rwanda Full Scale Research - Randomized and Baselined - Intervention,Complete,In Service,Nyanza,Gasharu,-2.31422,29.69336,Southern Province,Rwabicuma - Cyabakamyi,Cyerezo - Nyabinyenga,3531,Suspended Bridge,45,3/20/23,5/21/23,006f100000d6mYGAAY,1012831,6
Rwanda - Karuvungwa - 1012948,Rwanda Full Scale Research - Randomized and Baselined - Intervention,Complete,In Service,Muhanga,Karuvungwa,-1.984992,29.73314,Southern Province,Kabacuzi-Muhanga,Mpanga Village (Ngarama cell)-Munzereri village (Remera cell),3400,Suspended Bridge,55,2/9/23,6/20/23,006f100000d6wBZAAY,1012948,14
Rwanda - Ngoma - 1012951,Rwanda Full Scale Research - Randomized and Baselined - Intervention,Complete,In Service,Muhanga,Ngoma,-2.04935967,29.70709763,Southern Province,Muhanga,Cyurutare village (Nyamirama cell )- Mataba Village (Kanyinya cell),3542,Suspended Bridge,135,10/24/20,2/25/21,006f100000d6wBoAAI,1012951,6
Rwanda - Rwabagenzi - 1012952,Rwanda Full Scale Research - Randomized and Baselined - Intervention,Complete,In Service,Muhanga,Rwabagenzi,-2.04202456,29.7725994,Southern Province,Muhanga,Rwabagenzi -Nyiramarangara (both in Nyamirama cell ),4514,Suspension Bridge,78,12/2/21,4/30/22,006f100000d6wBtAAI,1012952,10
Rwanda - Ruhunde - 1012956,Rwanda Full Scale Research - Randomized and Baselined - Intervention,Complete,In Service,Muhanga,Ruhunde,-1.77785489,29.67587526,Southern Province,Nyabinoni,Gitwa village (Nyarusozi cell ) - Nyarusange village (Mbuga cell ),2851,Suspended Bridge,65,9/12/22,12/6/22,006f100000d6wCDAAY,1012956,11
Rwanda - Bishenge (Masuma) - 1012983,Rwanda Full Scale Research - Randomized and Baselined - Intervention,Complete,In Service,Nyamagabe,Bishenge (Masuma),-2.345908,29.409702,Southern Province,Nkomane,Mutengeli,2818,Hybrid Suspension Bridge,68,4/17/23,7/7/23,006f100000d6wIKAAY,1012983,18
Rwanda - Uwumugeti-Kigusa - 1012997,Rwanda Full Scale Research - Randomized and Baselined - Intervention,Complete,In Service,Nyamagabe,Uwumugeti-Kigusa,-2.540715,29.503838,Southern Province,Tare,Nkumbure-Gatovu,2762,Suspended Bridge,55,6/20/20,9/22/20,006f100000d6wNyAAI,1012997,7
Rwanda - Kamabuye - 1013011,Rwanda Full Scale Research - Randomized and Baselined - Intervention,Complete,In Service,Nyanza,Kamabuye,-2.30024,29.6845,Southern Province,Cyabakamyi - Mukingo,Nyabinyenga - Cyerezo,4710,Suspended Bridge,52,2/3/23,6/13/23,006f100000d6wRfAAI,1013011,3
Rwanda - Muturagara-Gatobo - 1013025,Rwanda Full Scale Research - Randomized and Baselined - Intervention,Complete,In Service,Nyabihu,Muturagara-Gatobo,-1.67321,29.57457,Western Province,Rurembo,Rwaza,4470,Suspended Bridge,96,10/27/23,12/22/23,006f100000d6yLHAAY,1013025,9
Rwanda - Kavumbu - 1013029,Rwanda Full Scale Research - Randomized and Baselined - Intervention,Complete,In Service,Nyabihu,Kavumbu,-1.67069,29.46836,Western Province,Rambura,Mutaho,3981,Suspended Bridge,68,1/10/22,4/1/22,006f100000d6yLbAAI,1013029,1
Rwanda - Sovu - 1013225,Rwanda Full Scale Research - Randomized and Baselined - Intervention,Complete,In Service,Nyamagabe,Sovu,-2.51053167,29.53582167,Southern Province,Kamegeri,Kamegeri-Nyamigina,3540,Suspended Bridge,43,8/9/21,11/8/21,006f100000d75zUAAQ,1013225,10
Rwanda - Cyabami (Kwa Anamariya) - 1013233,Rwanda Full Scale Research - Randomized and Baselined - Intervention,Complete,In Service,Burera,Cyabami (Kwa Anamariya),-1.60834,29.8911,Northern Province,Nemba,Kadehero,2554,Suspended Bridge,56,5/24/22,9/8/22,006f100000d7608AAA,1013233,1
Rwanda - Kwa Rukeratabaro - 1013256,Rwanda Full Scale Research - Randomized and Baselined - Intervention,Complete,In Service,Muhanga,Kwa Rukeratabaro,-1.83836538,29.68433685,Southern Province,Kibangu,Nyaruvumu village ( Mubuga cell ) - Nkondo village ( Gitega cell ),2764,Suspended Bridge,57,11/15/21,3/4/22,006f100000d761zAAA,1013256,9
Rwanda - Shyagari - 1013263,Rwanda Full Scale Research - Randomized and Baselined - Intervention,Complete,In Service,Muhanga,Shyagari,-2.00393039,29.67555126,Southern Province,Mushishiro,Kabare village ( Munazi cell) - Nyanza village ( Rwigerero cell ),2609,Suspended Bridge,80,8/29/22,11/25/22,006f100000d762YAAQ,1013263,12
Rwanda - Mamashenge - 1013273,Rwanda Full Scale Research - Randomized and Baselined - Intervention,Complete,In Service,Nyanza,Mamashenge,-2.30577,29.79548,Southern Province,Kigoma,Butara - Butansinda,2147,Suspended Bridge,58,10/30/23,12/22/23,006f100000d766yAAA,1013273,7
Rwanda - Bibumba - 1013275,Rwanda Full Scale Research - Randomized and Baselined - Intervention,Complete,In Service,Nyanza,Bibumba,-2.2794,29.8712,Southern Province,Kigoma - Ntongwe,Murinja - Kareba,3152,Suspension Bridge,140,3/23/23,6/30/23,006f100000d7678AAA,1013275,5
Rwanda - Rusuzumiro - 1013349,Rwanda Full Scale Research - Randomized and Baselined - Intervention,Complete,In Service,Muhanga,Rusuzumiro,-1.98365945,29.65245312,Southern Province,Mushishiro,Kabeza village ( Matyazo cell ) - Rugerero village ( Rukaragata cell ),4950,Suspended Bridge,65,4/10/23,7/3/23,006f100000d7EZHAA2,1013349,18
Rwanda - Hanika - 1013350,Rwanda Full Scale Research - Randomized and Baselined - Intervention,Complete,In Service,Muhanga,Hanika,-1.97717889,29.67449787,Southern Province,Mushishiro - Rugendabari,Hanika village ( Rukaragata cell ) - Nyagasozi village ( Gasave cell ),4970,Suspended Bridge,98,9/19/22,11/24/22,006f100000d7EZMAA2,1013350,15
Rwanda - Kugasumo - 1013377,Rwanda Full Scale Research - Randomized and Baselined - Intervention,Complete,In Service,Nyabihu,Kugasumo,-1.62689,29.48884,Western Province,Jenda-Karago,Nyirakigugu-Cyamabuye,2714,Suspended Bridge,90,1/5/23,7/18/23,006f100000d7Gs3AAE,1013377,5
Rwanda - Ruyebe - 1013392,Rwanda Full Scale Research - Randomized and Baselined - Intervention,Complete,In Service,Nyabihu,Ruyebe,-1.65549,29.51862,Western Province,Karago,Karengere-Kadahenda,2624,Suspended Bridge,48,10/27/23,12/22/23,006f100000d7GtGAAU,1013392,11
Rwanda - Rwasa - 1013422,Rwanda Full Scale Research - Randomized and Baselined - Intervention,Complete,In Service,Nyamagabe,Rwasa,-2.41763333,29.555675,Southern Province,Kibumbwe-Kibirizi,Bwenda-Bugarura,3582,Suspended Bridge,70,8/9/21,11/5/21,006f100000d7JDHAA2,1013422,11
Rwanda - Karuhanga - 1013455,Rwanda Full Scale Research - Randomized and Baselined - Intervention,Complete,In Service,Ngororero,Karuhanga,-2.00323,29.5765,Western Province,Ndaro sector,Gasharu village ( Bitabage cell ) - Kimirehe village ( kibanda cell ),3935,Suspension Bridge,81,10/13/22,1/19/23,006f100000d7Pr1AAE,1013455,16
Rwanda - Rugeshi - 1013459,Rwanda Full Scale Research - Randomized and Baselined - Intervention,Complete,In Service,Ngororero,Rugeshi,-1.96038,29.54036,Western Province,Bwira - Sovu,Rugeshi village ( GASHUBI cell ) - Ruganda village ( Kanyana cell ),3678,Suspended Bridge,110,2/18/21,5/31/21,006f100000d7PrLAAU,1013459,6
Rwanda - Gasasa - 1013460,Rwanda Full Scale Research - Randomized and Baselined - Intervention,Complete,In Service,Ngororero,Gasasa,-1.95373,29.54198,Western Province,Bwira - Sovu,Gasasa village ( GASHUBI cell ) - Ruganda village ( Kanyana cell ),3374,Suspended Bridge,45,2/22/21,5/19/21,006f100000d7PrQAAU,1013460,4
Rwanda - Nyabiyonga - 1013461,Rwanda Full Scale Research - Randomized and Baselined - Intervention,Complete,In Service,Ngororero,Nyabiyonga,-1.94216,29.55835,Western Province,Bwira - Sovu,Rutembo village ( Bungwe cell )- gisiza village ( rutovu cell ),4968,Suspended Bridge,70,9/6/21,12/15/21,006f100000d7PrVAAU,1013461,9
Rwanda - Nyabizi ya 1 - 1013496,Rwanda Full Scale Research - Randomized and Baselined - Intervention,Complete,In Service,Burera,Nyabizi ya 1,-1.33001,29.82555,Northern Province,Kinyababa,Rutovu,1854,Suspended Bridge,60,6/10/22,10/27/22,006f100000d7Q9rAAE,1013496,2
Rwanda - Munanira - 1013583,Rwanda Full Scale Research - Randomized and Baselined - Intervention,Complete,In Service,Nyamagabe,Munanira,-2.396316,29.577776,Southern Province,Kibirizi-Mbazi,Karambo-Ngambe,4717,Suspended Bridge,62,2/14/22,10/7/22,006f100000d7bIlAAI,1013583,16
Rwanda - Bahimba - 1013626,Rwanda Full Scale Research - Randomized and Baselined - Intervention,Complete,In Service,Rutsiro,Bahimba,-1.7628,29.30777,Western Province,Kivumu,Kabere/burambo,1428,Suspended Bridge,64,10/24/22,1/27/23,006f100000d7iQBAAY,1013626,9
Rwanda - Bukungu - 1013639,Rwanda Full Scale Research - Randomized and Baselined - Intervention,Complete,In Service,Rutsiro,Bukungu,-1.80495,29.30452,Western Province,Kigeyo,Buhindure,6052,Suspended Bridge,48,10/17/22,1/23/23,006f100000d7iU8AAI,1013639,8
Rwanda - Musange kukibuga - 1013670,Rwanda Full Scale Research - Randomized and Baselined - Intervention,Complete,In Service,Gakenke,Musange kukibuga,-1.63647,29.78962,Northern Province,Nemba,Mucaca/ngahinga,1812,Suspension Bridge,105,1/16/23,6/2/23,006f100000d7ibTAAQ,1013670,14
Rwanda - Kwiterambere - 1013678,Rwanda Full Scale Research - Randomized and Baselined - Intervention,Complete,In Service,Gakenke,Kwiterambere,-1.66344,29.83439,Northern Province,Gashenyi,Taba/bushita,1530,Suspension Bridge,76,3/25/21,6/30/21,006f100000d7icgAAA,1013678,4
Rwanda - Kirwa - 1013683,Rwanda Full Scale Research - Randomized and Baselined - Intervention,Complete,In Service,Gakenke,Kirwa,-1.61152,29.70026,Northern Province,Busengo,Butereri/kirwa,1240,Suspended Bridge,136,1/19/23,6/2/23,006f100000d7ieSAAQ,1013683,11
Rwanda - Kigandi - 1013692,Rwanda Full Scale Research - Randomized and Baselined - Intervention,Complete,In Service,Nyamasheke,Kigandi,-2.326002,29.165331,Western Province,Macuba ~ kanjongo,Vugangoma,2825,Suspended Bridge,64,6/15/21,9/21/21,006f100000d7ix5AAA,1013692,2
Rwanda - Nonwe - 1013717,Rwanda Full Scale Research - Randomized and Baselined - Intervention,Complete,In Service,Nyamasheke,Nonwe,-2.224749,29.291024,Western Province,Mahembe,Gisoke,2133,Suspended Bridge,68,9/23/22,12/2/22,006f100000d7jEVAAY,1013717,15
Rwanda - Mugaseke - 1013721,Rwanda Full Scale Research - Randomized and Baselined - Intervention,Complete,In Service,Nyamasheke,Mugaseke,-2.216938,29.283485,Western Province,Mahembe,Gisoke,2412,Suspended Bridge,65,11/15/21,2/15/22,006f100000d7jEuAAI,1013721,10
Rwanda - Rusumo - 1013737,Rwanda Full Scale Research - Randomized and Baselined - Intervention,Complete,In Service,Rulindo,Rusumo,-1.65413,30.01517,Northern Province,Kisaro_Miyove,Sayo_Gakenke,4340,Suspended Bridge,59,8/21/23,11/17/23,006f100000d7jMtAAI,1013737,12
Rwanda - Kigusa - 1013761,Rwanda Full Scale Research - Randomized and Baselined - Intervention,Complete,In Service,Nyabihu,Kigusa,-1.7246,29.54478,Western Province,Mulinga-Jomba,Nkomane,3494,Suspended Bridge,75,1/12/23,3/24/23,006f100000d7kslAAA,1013761,6
Rwanda - Kabuga - 1013762,Rwanda Full Scale Research - Randomized and Baselined - Intervention,Complete,In Service,Rulindo,Kabuga,-1.8204,30.01401,Northern Province,Murambi-Ngoma,Mvuzo-Munyarwanda,1462,Suspended Bridge,40,7/11/22,12/10/22,006f100000d7ktAAAQ,1013762,4
Rwanda - Nyarusange - 1013792,Rwanda Full Scale Research - Randomized and Baselined - Intervention,Complete,In Service,Gakenke,Nyarusange,-1.72848,29.76589,Northern Province,Mataba,Nyundo/kabuyora,2740,Suspended Bridge,104,1/23/23,6/30/23,006f100000d7wv0AAA,1013792,9
Rwanda - Kagarama - 1013867,Rwanda Full Scale Research - Randomized and Baselined - Intervention,Complete,In Service,Karongi,Kagarama,-2.13838,29.33504,Western Province,Mubuga sector,Kagarama village ( kagabiro cell )- jurwe village ( ryaruhanga cell ),3886,Suspended Bridge,70,11/22/21,2/18/22,006f100000d8890AAA,1013867,6
Rwanda - Karambo - 1013886,Rwanda Full Scale Research - Randomized and Baselined - Intervention,Complete,In Service,Nyamasheke,Karambo,-2.221268,29.256019,Western Province,Mahembe~ Gihombo,Nyagatare~ kibingo,7086,Suspended Bridge,86,10/10/22,4/26/23,006f100000d88DlAAI,1013886,16
Rwanda - Gasihe - 1013894,Rwanda Full Scale Research - Randomized and Baselined - Intervention,Complete,In Service,Nyamasheke,Gasihe,-2.360876,29.157374,Western Province,Kanjongo,Raro,2762,Suspended Bridge,92,11/15/21,2/23/22,006f100000d88IbAAI,1013894,5
Rwanda - Nyagisasa - 1013895,Rwanda Full Scale Research - Randomized and Baselined - Intervention,Complete,In Service,Nyamasheke,Nyagisasa,-2.343073,29.140422,Western Province,Kanjongo,kibogora~Raro,7124,Suspension Bridge,114,5/31/21,10/4/21,006f100000d88IgAAI,1013895,3
Rwanda - Gisiza - 1013898,Rwanda Full Scale Research - Randomized and Baselined - Intervention,Complete,In Service,Nyamasheke,Gisiza,-2.353335,29.147336,Western Province,Kanjongo,Raro~ Gako,3100,Suspended Bridge,105,10/17/22,1/31/23,006f100000d88KhAAI,1013898,14
Rwanda - Kamatsira - 1013899,Rwanda Full Scale Research - Randomized and Baselined - Intervention,Complete,In Service,Nyamasheke,Kamatsira,-2.407594,29.163424,Western Province,Rangiro,Gakenke ~ Murambi,3221,Suspended Bridge,57,11/10/21,2/21/22,006f100000d88KmAAI,1013899,6
Rwanda - Nyarusange - 1014269,Rwanda Full Scale Research - Randomized and Baselined - Intervention,Complete,In Service,Nyarugenge,Nyarusange,-1.89484,29.99693,Kigali,Kanyinya,Taba,4378,Suspended Bridge,132,11/6/20,3/4/21,006f100000eekYUAAY,1014269,3
Rwanda - Mpombori - 1014283,Rwanda Full Scale Research - Randomized and Baselined - Intervention,Complete,In Service,Kamonyi,Mpombori,-2.0851,29.80891,Southern Province,Nyarubaka,Gitare/mugereke,1486,Suspended Bridge,44,11/8/23,12/22/23,006f100000eekgRAAQ,1014283,5
Rwanda - Bunyonga 1 - 1014322,Rwanda Full Scale Research - Randomized and Baselined - Intervention,Complete,In Service,Kamonyi,Bunyonga 1,-1.934919,29.819397,Southern Province,Karama,Bunyonga,2423,Suspended Bridge,54,5/16/22,9/23/22,006f100000eesd5AAA,1014322,2
Rwanda - Rushikiri - 1014330,Rwanda Full Scale Research - Randomized and Baselined - Intervention,Complete,In Service,Kamonyi,Rushikiri,-1.937733,29.9489,Southern Province,Rukoma,Murehe,6120,Suspended Bridge,53,11/15/23,12/22/23,006f100000eesiZAAQ,1014330,7
Rwanda - Muza - 1014335,Rwanda Full Scale Research - Randomized and Baselined - Intervention,Complete,In Service,Kamonyi,Muza,-1.926209,29.8142,Southern Province,Kayenzi,Kayonza,10150,Suspended Bridge,68,7/2/22,10/21/22,006f100000eessFAAQ,1014335,3
Rwanda - Nyakabande-Bitaba - 1015561,Rwanda Full Scale Research - Randomized and Baselined - Intervention,Complete,In Service,Karongi,Nyakabande-Bitaba,-2.11713,29.31672,Western Province,Mubuga,Kagabiro-Ryaruhanga,1945,Hybrid Suspension Bridge,97,7/2/20,6/18/21,006f100000fHAHXAA4,1015561,3
Rwanda - Kabutimbo - 1015693,Rwanda Full Scale Research - Randomized and Baselined - Intervention,Complete,In Service,Gakenke,Kabutimbo,-1.621187,29.660569,Northern Province,Rusasa,Rurembo - kamonyi,1280,Suspended Bridge,55,3/29/21,6/28/21,006f100000fHqCoAAK,1015693,2
Rwanda - Rwunga - 1013465,Rwanda Full Scale Research - Randomized and Baselined - Intervention,Cancelled,,Musanze,Rwunga,-1.492419,29.573354,Northern Province,Musanze~shingiro~kimonyi,Nyarubuye~rwambogo~kibuguzo,1035,Suspended Bridge,55,9/1/23,1/30/24,006f100000d7Q52AAE,1013465,2
Rwanda - Gakoyi - 1013654,Rwanda Full Scale Research - Randomized and Baselined - Intervention,Cancelled,,Rutsiro,Gakoyi,-1.85437,29.28597,Western Province,Bushonyi,Kaguriro,660,,,,12/31/24,006f100000d7iXbAAI,1013654,4
Rwanda - Kucyarwamo - 1013777,Rwanda Full Scale Research - Randomized and Baselined - Intervention,Cancelled,,Karongi,Kucyarwamo,-2.06358,29.39742,Western Province,Rubengera sector,Kagarama village ( Kibirizi cell ) - Kabeza village ( Ruragwe cell ),2524,Hybrid Suspension Bridge,89,,12/30/24,006f100000d7wXxAAI,1013777,7
Rwanda - Kinamba - 1013378,Rwanda Full Scale Research - Randomized and Baselined - Intervention,Rejected,,Nyabihu,Kinamba,-1.65625,29.42217,Western Province,Bigogwe,Rega,2133,Other,,10/31/23,10/12/23,006f100000d7Gs8AAE,1013378,10
Rwanda - Muhazi - 1014310,Rwanda Full Scale Research - Randomized and Baselined - Intervention,Rejected,Technical,Kamonyi,Muhazi,-1.873616,29.852021,Southern Province,Kayenzi,Kirwa,25000,,,2/6/24,5/11/24,006f100000eeqqSAAQ,1014310,6
Rwanda - Buranga - 1007356,Rwanda Full Scale Research - Randomized and Baselined - Long Term Control,Rejected,Technical,Gakenke,Buranga,-1.639722,29.784722,Northern Province,Nemba,,2958,,,,12/31/18,006f100000a86DIAAY,1007356,8
Rwanda - Kibirira - 1007433,Rwanda Full Scale Research - Randomized and Baselined - Long Term Control,Rejected,Technical,Ngororero,Kibirira,-1.9307222,29.6403611,Western Province,Gatumba,,500,,7,,11/5/18,006f100000a86EXAAY,1007433,1
Rwanda - Gitinda - 1007453,Rwanda Full Scale Research - Randomized and Baselined - Long Term Control,Rejected,Technical,Nyabihu,Gitinda,-1.70215,29.51309,Western Province,Rambura-Mulinga,Kibisabo_Rwantobo,1051,,,,10/17/22,006f100000a86ErAAI,1007453,7
Rwanda - Bisheke - 1007508,Rwanda Full Scale Research - Randomized and Baselined - Long Term Control,Rejected,Technical,Nyamasheke,Bisheke,-2.280762,29.206295,Western Province,Macuba - Kirinda,Mutongo~ Muhororo,2338,,,,12/31/18,006f100000a86FkAAI,1007508,13
Rwanda - Mweya - 1007522,Rwanda Full Scale Research - Randomized and Baselined - Long Term Control,Rejected,Technical,Nyanza,Mweya,-2.32999,29.64216,Southern Province,Cyabakamyi-Nyagisozi,Mweya,2992,,,,12/30/24,006f100000a86FyAAI,1007522,8
Rwanda - Ntora - 1007680,Rwanda Full Scale Research - Randomized and Baselined - Long Term Control,Rejected,Technical,Gasabo,Ntora,-1.916403,30.04942,Kigali,Gatsata Gisozi,Nyamugali-Ruhango,6000,,400,,11/28/18,006f100000a86IWAAY,1007680,1
Rwanda - Ruhabwa - 1014009,Rwanda Full Scale Research - Randomized and Baselined - Long Term Control,Rejected,Technical,Nyamasheke,Ruhabwa,-2.515733,29.04382,Western Province,Karengera,Mwezi,9384,,,,11/5/18,006f100000d1f2JAAQ,1014009,11
Rwanda - Rudehero - 1014134,Rwanda Full Scale Research - Randomized and Baselined - Long Term Control,Rejected,Technical,Nyamasheke,Rudehero,-2.37845,29.1393,Western Province,Rangiro-Kagano,Jurwe-Gako,9782,,,,12/31/18,006f100000d1hH3AAI,1014134,17
Rwanda - Matyazo - 1013369,Rwanda Full Scale Research - Randomized and Baselined - Long Term Control,Rejected,Technical,Nyabihu,Matyazo,-1.64694,29.47735,Western Province,Karago,Busoro_Cyamabuye,4288,,,,12/31/18,006f100000d7GrPAAU,1013369,2
Rwanda - Biseke - 1013374,Rwanda Full Scale Research - Randomized and Baselined - Long Term Control,Rejected,,Nyabihu,Biseke,-1.66137,29.50069,Western Province,Karago,Gihirwa,8766,,,,10/17/22,006f100000d7GroAAE,1013374,8
Rwanda - Kivomo - 1013451,Rwanda Full Scale Research - Randomized and Baselined - Long Term Control,Rejected,Technical,Ngororero,Kivomo,-2.02839,29.57274,Western Province,Nyange sector,Nyagatama village ( vuganyana cell )-Mbobo village ( vuganyana cell ),3549,,,,12/31/18,006f100000d7PqDAAU,1013451,8
Rwanda - Rukombe - 1013452,Rwanda Full Scale Research - Randomized and Baselined - Long Term Control,Rejected,Technical,Ngororero,Rukombe,-1.98911,29.60512,Western Province,Ndaro sector,Rutonde village ( Bijyojyo cell ) - Masoro village ( Kabageshi cell ),2601,,,,12/31/18,006f100000d7PqSAAU,1013452,15
Rwanda - Cyahafi - 1013456,Rwanda Full Scale Research - Randomized and Baselined - Long Term Control,Rejected,Technical,Ngororero,Cyahafi,-1.92556,29.60749,Western Province,Bwira sector,Cyahafi village ( Cyahafi cell ) - Kabirizi village ( ruhindage cell ),3620,,,,12/31/18,006f100000d7Pr6AAE,1013456,5
Rwanda - Nyanza - 1013539,Rwanda Full Scale Research - Randomized and Baselined - Long Term Control,Rejected,Technical,Ngororero,Nyanza,-1.74082,29.53777,Western Province,Kabaya ( Ngororero ) - Muringa ( Nyabihu ),Nyanza village - Kamajanga village,4066,,,,12/31/18,006f100000d7ayMAAQ,1013539,12
Rwanda - Gitaba - 1013547,Rwanda Full Scale Research - Randomized and Baselined - Long Term Control,Rejected,Technical,Ngororero,Gitaba,-1.77412,29.57416,Western Province,Kabaya,Bukonde village ( Nyenyeri cell ) - Gitaba village ( Busunzu cell ),4606,,,,12/31/18,006f100000d7azKAAQ,1013547,11
Rwanda - Peru - 1013563,Rwanda Full Scale Research - Randomized and Baselined - Long Term Control,Rejected,Technical,Nyamasheke,Peru,-2.304747,29.219334,Western Province,Macuba,Gatare,2955,,,,12/14/18,006f100000d7b66AAA,1013563,7
Rwanda - Gacumbi - 1013567,Rwanda Full Scale Research - Randomized and Baselined - Long Term Control,Rejected,Technical,Nyamasheke,Gacumbi,-2.26295,29.189909,Western Province,Kirimbi,Muhororo,1888,Suspension Bridge,46,,7/2/20,006f100000d7b6QAAQ,1013567,1
Rwanda - Nyakabingo - 1013568,Rwanda Full Scale Research - Randomized and Baselined - Long Term Control,Rejected,Technical,Nyamasheke,Nyakabingo,-2.279466,29.199971,Western Province,Kirimbi,Muhororo,1838,,,,7/2/20,006f100000d7b6VAAQ,1013568,4
Rwanda - Nyabirondo - 1014264,Rwanda Full Scale Research - Randomized and Baselined - Long Term Control,Rejected,Technical,Nyarugenge,Nyabirondo,-2.05434,30.04781,Kigali,Mageragere,Nyarurenzi,5872,,,,12/31/18,006f100000eekXlAAI,1014264,2
Rwanda - Mpanga - 1014265,Rwanda Full Scale Research - Randomized and Baselined - Long Term Control,Rejected,Technical,Nyarugenge,Mpanga,-2.0638,30.0279,Kigali,Mageragere,Runzenze,12213,,,,12/31/18,006f100000eekXqAAI,1014265,1
Rwanda - Nyarubuye - 1014267,Rwanda Full Scale Research - Randomized and Baselined - Long Term Control,Rejected,Technical,Nyarugenge,Nyarubuye,-2.04925,29.98573,Kigali,Mageragere,Kivumu,3484,,,,12/31/18,006f100000eekYFAAY,1014267,4
Rwanda - Karukina - 1014268,Rwanda Full Scale Research - Randomized and Baselined - Long Term Control,Rejected,Technical,Nyarugenge,Karukina,-2.01861,30.0085,Kigali,Mageragere,Kankuba,3180,,,,12/31/18,006f100000eekYPAAY,1014268,5
Rwanda - Kabuga (Fukwe) - 1014329,Rwanda Full Scale Research - Randomized and Baselined - Long Term Control,Rejected,Technical,Kamonyi,Kabuga (Fukwe),-1.872181,29.92942,Southern Province,Ngamba,Kabuga,6500,,,,12/31/18,006f100000eesiUAAQ,1014329,1