Project Code,Bridge Name,Stage,Level 2 Government,Bridge Type,Span (m),,,Ground Breaking Date,Close Date,Interim Invoice Submitted,Interim Invoice Submittal Date,Interim Invoice Link,Interim Report Link,Interim Payment Received,Interim Payment Receipt Date,Interim Payment Receipt Link,Final Invoice Submitted,Final Invoice Submittal Date,Final Invoice Link,Final Payment Received,Final Payment Receipt Date,Final Payment Receipt Link,Certificate of Completion Issue Date,BOQ Grand Total - USD,Project Budget - USD,Project Actuals to Date - USD,BOQ Total - Gov't - USD,Total Amount Invoiced - USD,Total Amount Received - USD,Government Partner Balance - USD,Pre-Bridge Crossing Photo URL,Completed Bridge Photo URL,Handover Photo URL,Link to Completed Contract or MOU,Certificate of Completion Link,Power of One,Link to Accounts Received Certificate,Link to Budget to Actuals Report,Government Reimbursable,latitude,longitude
1017673,Rufuha,Complete,Muhanga,Suspension Bridge,33.7,,,7/29/19,2/21/20,1,9/11/19,https://bridges.box.com/s/2ud7xeja7edivhsqhyf9bzn9qnzozo19,https://bridges.box.com/s/vd36rxe8eksp6z1l78s0o63ykpcjhcui,1,10/9/19,https://bridges.box.com/s/luw1f50bvd2sdp2akwmep58kwnq61tzn,1,4/28/20,https://bridges.box.com/s/ifta2opoa22u54xiute87x9zh976oqyj,1,5/8/20,https://bridges.box.com/s/saeyjtrh9is5lxcdrcgkvwjmbk29aboe,12/19/19,90495.45,,33748.31,31311.45,28784.53,25830.63,2953.9,https://www.flickr.com/photos/bridgestoprosperity/48875684183/in/album-72157711041483051/,https://www.flickr.com/photos/bridgestoprosperity/49773245558/in/dateposted-public/,https://www.flickr.com/photos/bridgestoprosperity/48876375077/in/album-72157711041483051/,https://bridges.box.com/s/tuvi5w1sr018sbi1cibnp3bn77uyk0fp,https://bridges.box.com/s/x29frgqx1x4hm09r1tbt1cgiizihy472,1,https://bridges.box.com/s/dozvrlsjx7vrexc4sonvorpk8grlq6ef,https://bridges.box.com/s/8uyhzg655vbo3ybdhe5rmdgllid2kw6p,Yes,-2.012167,29.763889
1007466,Rugeti,Complete,Nyamagabe,Suspension Bridge,68,,,11/25/19,3/5/20,1,3/19/20,https://bridges.box.com/s/u7pcux0f8m3elp7i05b0oiq7lft93l6t,https://bridges.box.com/s/kskj7g2sai09efn6dm0491jyncha0vhw,1,4/1/20,https://bridges.box.com/s/xz0vvnqajgtig4e7rnwxte14ml2m5j4g,1,6/24/20,https://bridges.box.com/s/h8bxag8einovy4hmx1fkz1suc8cyeef8,1,6/30/20,https://bridges.box.com/s/rkaalpuetgi6idsf0wx273qjj9u0fsbf,3/5/20,108198.01,,41495.14,39981.24,36958.74,36918.99,39.76,https://www.flickr.com/photos/bridgestoprosperity/49277357591/in/album-72157712369263133/,https://www.flickr.com/photos/bridgestoprosperity/49717267657/in/album-72157712369263133/,https://www.flickr.com/photos/bridgestoprosperity/49716437048/in/album-72157712369263133,https://bridges.box.com/s/sxpr6sfqu0yspf9sdnn0xc27l95y8ywe,https://bridges.box.com/s/m8xfejo178jkj32kaqjp48evtuac6csh,1,https://bridges.box.com/s/71pjmtc1eqgl6v0qp4aew9w0su7h3qlc,https://bridges.box.com/s/6t4pwbbtnvz3qfu90hqbrb9o0nmrsdug,Yes,-2.47640667,29.4208
1007481,Mutiwingoma,Complete,Nyamagabe,Suspension Bridge,120,,,7/7/20,11/6/20,1,9/16/20,https://bridges.box.com/s/l3mgyk0uh5r0wizl255792pw3gz2zvjg,https://bridges.box.com/s/axq0z33judapvmn4m6lesiozsrvzrly4,1,11/3/20,https://bridges.box.com/s/e2xsydnbl8zzsan5ovg03dvddcbhdz9m,1,11/20/20,https://bridges.box.com/s/imfcnq0oz6jwkoz2rx6i91vmnv9nmasu,1,3/11/21,https://bridges.box.com/s/v9s88qgf4mby0vi59qdfd1sqw5nq1go2,10/30/20,148942.67,,11201.12,54671.57,51724.7,50972.24,752.46,https://www.flickr.com/photos/bridgestoprosperity/50145291892/in/album-72157715087907948/,https://www.flickr.com/photos/bridgestoprosperity/50620281571/in/album-72157715087907948/,https://www.flickr.com/photos/bridgestoprosperity/50620391502/in/album-72157715087907948/,https://bridges.box.com/s/1c91x8yctl6vm4r9in716d1lva1xhqfz,https://bridges.box.com/s/ozcvj7elyl8jge1rtz0av2uenrztinoj,1,https://bridges.box.com/s/nalec3vwovulz523ys3m0c1lum7arf6h,https://bridges.box.com/s/nle96qqowcze5u3xwfj4gv1gxn32wiui,Yes,-2.363733,29.55353
1007495,Nyakabuye - Nkomane,Complete,Nyamagabe,Suspension Bridge,78,,,7/7/20,10/23/20,1,9/22/20,https://bridges.box.com/s/3rjhw9t94t3kwxps17d689jiyvnm3yz7,https://bridges.box.com/s/v1no3dktfv4y7x1jpj6ilek6fnlu0a6d,1,11/3/20,https://bridges.box.com/s/umi31h45pqkk6ofuz3t6brreik73ef07,1,11/20/20,https://bridges.box.com/s/60i42r8q172azy6abbiyskj49gfzx35h,1,3/24/21,https://bridges.box.com/s/sbi0k1om558rjqku8vgsoobo2lxxficb,10/23/20,112833.04,,10761.43,38923.36,36825.35,36356.29,469.06,https://www.flickr.com/photos/bridgestoprosperity/50566464553/in/album-72157715088236617/,https://www.flickr.com/photos/bridgestoprosperity/50528100391/in/album-72157715088236617/,https://www.flickr.com/photos/bridgestoprosperity/50566429873/in/album-72157715088236617/,https://bridges.box.com/s/opf7qhkuo2tiwzf4ex0wewqhqsryodmq,https://bridges.box.com/s/25kye9dafdymb8r98gqx4cjixuyg8qeg,1,https://bridges.box.com/s/wp45desb7hsibd9tog1ib1pd49expo64,https://bridges.box.com/s/5sjb3lwpug1ctw67s1gz0bqb7yf7d229,Yes,-2.233022,29.57513
1007507,Nyakabuye - Mwogo,Complete,Nyamagabe,Suspension Bridge,118,,,7/7/20,10/6/20,1,9/22/20,https://bridges.box.com/s/gppflle1zo6nqe6ybsbncugce0jmm2nn,https://bridges.box.com/s/jdbv85tfitpdjxcom1euvrg7cicusci1,1,11/3/20,https://bridges.box.com/s/8yokb1y0pyzp9ttmb2tiqlav7a6w3fgn,1,11/20/20,https://bridges.box.com/s/19ouk4aap4i08q3gh73qkl4x0ax53m71,1,3/22/21,https://bridges.box.com/s/jrqbq3e04t0r6svs6mccb4k3z9dky9qb,10/6/20,154744.64,,19177.09,62698.35,58596.57,49125.62,9470.94,https://www.flickr.com/photos/bridgestoprosperity/50145085686/in/album-72157715088179852/,https://www.flickr.com/photos/bridgestoprosperity/50428588576/in/album-72157715088179852/,https://www.flickr.com/photos/bridgestoprosperity/50494204961/in/album-72157715088179852/,https://bridges.box.com/s/qzy4teuzkd6sh1zd8qta09oay8dogltf,https://bridges.box.com/s/dv8ayi9wm0aynb121ucl8vomy55rngjp,1,https://bridges.box.com/s/bvs2ndxdue2ro7bgfs8ul0peqbciwj8p,https://bridges.box.com/s/g8q2q8kalttvhsqs7l1a48rro0gn2gtp,Yes,-2.233278,29.576407
1007544,Runyani,Complete,Nyaruguru,Suspension Bridge,85,,,11/25/19,3/12/20,1,3/27/20,https://bridges.box.com/s/k2l9uvhmm1fu9lyfqa9kipoeqqztpdn8,https://bridges.box.com/s/kzger315ceztsb20wye0913mxq5u38t6,1,6/2/20,https://bridges.box.com/s/hyul4rhb5fn1xq0qwg3x4e9o4ymwu39m,1,6/16/20,https://bridges.box.com/s/jgzjywyldp7yq3tpx5pwhbbeh5fozbhl,1,6/29/20,https://bridges.box.com/s/wa06toa6x21fb54rfvh4s0va3sjv487e,3/18/20,128224.71,,51036.72,42307.14,40267.66,40151.59,116.07,https://www.flickr.com/photos/bridgestoprosperity/49391372191/in/dateposted-public/,https://www.flickr.com/photos/bridgestoprosperity/49652031197/in/photolist-2iDzD2E-2iDyexb-2iDyez5-2iDyewE-2iDzD2p-2itva3H/,https://www.flickr.com/photos/bridgestoprosperity/49537991673/in/photolist-2iDzD2E-2iDyexb-2iDyez5-2iDyewE-2iDzD2p-2itva3H/,https://bridges.box.com/s/d7s8yeiqw70ijl9dcf3ke4gp7etv9hwg,https://bridges.box.com/s/hcm7c1cce86m0xw3ja52np23uant2lxs,1,https://bridges.box.com/s/74sfv2odh4beeivfxol7qe1moibl9m2t,https://bridges.box.com/s/mqdqczvjsyikwmdp728jmkdczcg2es74,Yes,-2.71578,29.67607
1007563,Agatare,Complete,Nyaruguru,Suspension Bridge,96,,,1/13/20,6/17/20,1,3/27/20,https://bridges.box.com/s/nppk8gv0o3sd9y7jyy7fkefeaqsu22g3,https://bridges.box.com/s/fothmsv8r3b26id2x68dnt6aekpzxonf,1,4/23/20,https://bridges.box.com/s/xr88227u7ldt62l7yhi14rs97tfn24is,1,6/25/20,https://bridges.box.com/s/fm6p4y23meynfzj0iha0k1ka9tbk680n,1,7/2/20,https://bridges.box.com/s/ctqxc0jlnw1musx5c1f8m3i32ot09x5u,6/18/20,139748.94,,56211.99,48858.69,44691.03,44543.82,147.21,https://www.flickr.com/photos/bridgestoprosperity/49391691192/in/album-72157712686927146/,https://www.flickr.com/photos/bridgestoprosperity/50036962601/in/dateposted-public/,https://www.flickr.com/photos/bridgestoprosperity/50099199123/in/album-72157712686927146/,https://bridges.box.com/s/1s4p3e53amlgn9lli8cswm42tn2hcvwv,https://bridges.box.com/s/dqehg6bbzvf5x7tz7l39iw4v1r76z6a8,1,https://bridges.box.com/s/u9mce7cp90plahpipk2epa4idemd7bec,https://bridges.box.com/s/rzxjz7zao17iinhrzot8xk3tbgnsfnm3,Yes,-2.69808,29.54557
1007572,Gisoro,Complete,Nyaruguru,Suspended Bridge,82,,,11/25/19,5/22/20,1,3/27/20,https://bridges.box.com/s/zi67yvh1ws46e91cstj1bliwkd0dmy3e,https://bridges.box.com/s/oi25jpjs5n0z38tgke6o54v7rpo10b34,1,4/23/20,https://bridges.box.com/s/gezo9cixino7rtowcxr8ummr6vzq2c7x,1,6/24/20,https://bridges.box.com/s/p40b81siezg6a8h9970cjwnpjwzecdy2,1,6/30/20,https://bridges.box.com/s/yewqu01163zzwdp9ft3vb5b2989qwq3n,5/27/20,98380.81,,37779.33,37181.66,32432.4,32409.71,22.69,https://www.flickr.com/photos/bridgestoprosperity/49390764808/in/album-72157712686321187/,https://www.flickr.com/photos/bridgestoprosperity/50045592407/in/dateposted-public/,https://www.flickr.com/photos/bridgestoprosperity/50100029342/in/album-72157712686321187/,https://bridges.box.com/s/27p9lf4yq7eslu49el4pw7pr0aa9jsmh,https://bridges.box.com/s/0tm3vvbhcvkktj3c2n9omrbknykp1nb4,1,https://bridges.box.com/s/ou1wawgtverv6vqg57me36o8mc630vnt,https://bridges.box.com/s/du5g4nvzc9t4t0pyxg8jfi704xscdwn2,Yes,-2.7891,29.56721
1007580,Ryakanyamiganda,Complete,Nyaruguru,Suspension Bridge,35,,,12/2/19,5/30/20,1,3/27/20,https://bridges.box.com/s/tyk5dg0jiccet0izv6dj8s8p0j5sm5sb,https://bridges.box.com/s/xa0q7jmo53rwhlhcvsi1bjx82ld6fol7,1,5/28/20,https://bridges.box.com/s/v7k1lv9xbl7txxccfhvj1becpyehtdm8,1,6/16/20,https://bridges.box.com/s/a6ky42q93md2912yvl9nx9984u29c1ac,1,6/29/20,https://bridges.box.com/s/qy8yco8blbe4xzak8sei4f03eljkca96,6/9/20,87691.77,,35787.88,28036.83,26434.61,26397.33,37.28,https://www.flickr.com/photos/bridgestoprosperity/49391314056/in/album-72157712687924773/,https://www.flickr.com/photos/bridgestoprosperity/49970965908/in/album-72157712687924773/,https://www.flickr.com/photos/bridgestoprosperity/49971483851/in/album-72157712687924773/,https://bridges.box.com/s/rbjjdwzauyrmm8asvk7y22b0e9qz3lyo,https://bridges.box.com/s/c4ndpd5xre1iro2ckjljfjyf26q7f954,1,https://bridges.box.com/s/x5x07vvsihj8jdj3iq7uikp865wzyj4j,https://bridges.box.com/s/f3mtj6xipp8gp0hq7hf292irxly5gf76,Yes,-2.79415,29.6986
1007590,Ruganza,Complete,Nyaruguru,Suspended Bridge,44,,,1/13/20,3/20/20,1,3/27/20,https://bridges.box.com/s/3xs9b2rllykl575dzghil9wfum77i3x2,https://bridges.box.com/s/y5kcokqjdhw2c7te4416180qq4jdfosy,1,5/28/20,https://bridges.box.com/s/4n3oq0tjeq0c6nm13e4y3w9i1e0vgl7h,1,6/16/20,https://bridges.box.com/s/2rfcak9s7gh598s1ndq9ydsxbsolihjb,1,6/29/20,https://bridges.box.com/s/jb0vxmk8ysrr4emc0zjy1nlm0dp4no91,5/11/20,75217.57,,29361.81,26503.57,24948.33,24913.15,35.18,https://www.flickr.com/photos/bridgestoprosperity/49539434312/in/album-72157712686829556/,https://www.flickr.com/photos/bridgestoprosperity/49730547332/in/dateposted-public/,https://www.flickr.com/photos/bridgestoprosperity/49885572688/in/dateposted-public/,https://bridges.box.com/s/6ewz939emuzufsc3jtx3xjhh97n826ul,https://bridges.box.com/s/g8zg4gh7gowhty37okn6pjyxm4506x40,1,https://bridges.box.com/s/17opsbjljbxqu7nee2gxjoy2of9qevwt,https://bridges.box.com/s/xq09i06nd0n1cfw040lffamqr5j331fo,Yes,-2.63522167,29.45740167
1009445,Rukurazo,Complete,Muhanga,Suspension Bridge,49,,,9/9/19,3/12/20,1,11/13/19,https://bridges.box.com/s/3jzy3wml9144hccsyo6imsz9cojwgsxd,https://bridges.box.com/s/uuoz4tbs24wx88z1pdgi06jc5dzhozcf,1,11/29/19,https://bridges.box.com/s/xx0y7l4p26m47e438e6jfejr7c73nzy7,1,6/15/20,https://bridges.box.com/s/hoeb6th5qs6dy0mmrqq05qnwj6fpeizw,0,5/11/22,https://bridges.box.com/s/gyztpkhk53i7swmxn4ght20awkuyk9ox,11/22/19,96179.48,,39310.43,32855.66,31339.14,24076.99,7262.15,https://www.flickr.com/photos/bridgestoprosperity/49199058646/in/album-72157711046357258/,https://www.flickr.com/photos/bridgestoprosperity/49651799606/in/photolist-2iDyshQ-2iDysbs-2iDvGvT-2iDvGu5-2iDysd6-2iDzRnm-2iDzRoZ-2iDysav-2iDzRnX-2iDzRn6-2iDzRqN/,https://www.flickr.com/photos/bridgestoprosperity/49391077686/in/album-72157711046357258/,https://bridges.box.com/s/cnf6eadautiz1f6nprzx3v9zrxwog4kf,https://bridges.box.com/s/nfkvamocv9wk5hevth10oarymashopcc,1,,https://bridges.box.com/s/4gf7z0icnjrulb5i0vw5g722gmn8bzri,Yes,-2.115072,29.700843
1012813,Kiruri,Complete,Rutsiro,Suspended Bridge,50,,,9/30/19,3/2/20,1,3/5/20,https://bridges.box.com/s/yc2f9rdqbo3x5xgyg8moipboe8zo71va,https://bridges.box.com/s/a3xpno2ca2qlptiss2imvhvru5ghroya,1,3/27/20,https://bridges.box.com/s/oq0ca4etpkrc1yu0ymqykr1wnxqjsk2j,1,6/22/20,https://bridges.box.com/s/upwz0ot5swsba0k3hc3xqo29qezrsr00,1,7/2/20,https://bridges.box.com/s/y8i2ov9ylpnu1d08l696k4v36x4k4pvn,3/19/20,81681.32,,30535.1,33780.22,24660.45,20232.67,4427.79,https://www.flickr.com/photos/bridgestoprosperity/49042363676/in/album-72157711719811293/,https://www.flickr.com/photos/bridgestoprosperity/49729676293/in/album-72157711719811293/,https://www.flickr.com/photos/bridgestoprosperity/49237194152/in/album-72157711719811293/,https://bridges.box.com/s/zi5i3bg2hghqend8mcsobkcbr1k4viua,https://bridges.box.com/s/hlfscjifnd40nvlg0uz1tcvxnh0m4hka,1,https://bridges.box.com/s/lrexfffy96zjudjpudypil06ztogjcjr,https://bridges.box.com/s/v33monikel4nkwgot8luzkii5xup6xgk,Yes,-1.985833,29.40916
1012817,Gitikirema-kigarama,Complete,Nyamagabe,Suspended Bridge,68,,,11/25/19,3/12/20,1,3/19/20,https://bridges.box.com/s/fo4i9brocd5lsx0ioz7ot47368bbpcg8,https://bridges.box.com/s/7l89utma9bvbg1ph64r73v09xd2q07xs,1,4/1/20,https://bridges.box.com/s/b6turtc3ptjsxpkgd3y173fpce8albl1,1,6/24/20,https://bridges.box.com/s/5vw7sw2vhgq7lr553s6ln1vt03dw7ooz,1,7/2/20,https://bridges.box.com/s/l4ic9tjz31otsma0xmz9y5vf91ac1uix,3/6/20,94870.93,,35966.59,36556.77,32483.97,32348.45,135.52,https://www.flickr.com/photos/bridgestoprosperity/49276830833/in/album-72157712367690322/,https://www.flickr.com/photos/bridgestoprosperity/49729748518/,https://www.flickr.com/photos/bridgestoprosperity/49717276186/in/album-72157712367690322/,https://bridges.box.com/s/ykiinqsh5nsp548d4wfdcfuejffw1736,https://bridges.box.com/s/e3e7ye3ahcmzoyxpioaa11316t8mlxu3,1,https://bridges.box.com/s/f53b478o0za8zlvhyvhs7ornwcflppfo,https://bridges.box.com/s/c19u65ba3oxp5mhk51x3yfde0wwuq5ec,Yes,-2.304674,29.472585
1012953,Gashyushya,Complete,Muhanga,Suspension Bridge,42,,,7/29/19,2/21/20,1,9/11/19,https://bridges.box.com/s/pusxr6s2o8ua71f8js6clbxa20mk2gy2,https://bridges.box.com/s/jrw5tq0wx6p6lhoe3lcy0fcxue2wrdxi,1,10/9/19,https://bridges.box.com/s/y6e0ncgw82n80xvp0zl6micsotz395p6,1,4/28/20,https://bridges.box.com/s/w90fctn6bltx022ityaf629estlfhc9x,1,5/8/20,https://bridges.box.com/s/saeyjtrh9is5lxcdrcgkvwjmbk29aboe,12/19/19,93419.61,,35359.12,31869.99,30346.63,27076.18,3270.44,https://www.flickr.com/photos/bridgestoprosperity/48786998051/in/album-72157711041916097/,https://www.flickr.com/photos/bridgestoprosperity/49730236613/in/photolist-2iLxcRc-2iLBEAL-2iLusLD/,https://www.flickr.com/photos/bridgestoprosperity/50494666041/in/album-72157711041916097/,https://bridges.box.com/s/bj2r4xzjnevc1ln5lgsuqkiox4pi7mw1,https://bridges.box.com/s/jhhiaj4s6j4pzs4p3mlosbzl2f4xmrf1,1,https://bridges.box.com/s/p0vsoabytl3jog219oxvc5s5ech7hyj6,https://bridges.box.com/s/jfmt2nfteji89f60ll4mh7bnsvpku8or,Yes,-2.01211492,29.76212259
1012986,Kirumbi,Complete,Rutsiro,Suspension Bridge,56,,,9/9/19,5/27/20,1,3/5/20,https://bridges.box.com/s/s4rk63r4l1ams5x9bnht59x1vjv83dmd,https://bridges.box.com/s/i8pdvoflkbqf4v67rayn0sj21xft4tit,1,4/17/20,https://bridges.box.com/s/2b2hzyqxvncawevboo2luidvobidkpwd,1,8/10/20,https://bridges.box.com/s/clag3ft553ny1ukk6ydnparyyqwmlgff,1,10/8/20,https://bridges.box.com/s/pr7b3mqv7kx2ddg6udn38t48wu16928p,7/8/20,98923.08,,58467.12,41681.32,38868.91,32052.23,6816.68,https://www.flickr.com/photos/bridgestoprosperity/49277336066/in/photolist-2i5tedw-hHNU2W,https://www.flickr.com/photos/bridgestoprosperity/49391347383/in/album-72157711084230467/,https://www.flickr.com/photos/bridgestoprosperity/49391367493/in/album-72157711084230467/,https://bridges.box.com/s/svd045bl42ypi5vrppsor9da2r12vaps,https://bridges.box.com/s/gsrkmmh7emo0p1qbft4bkiu6mpf1w2sz,1,https://bridges.box.com/s/hhh23qb5y7ykbpdyyxd3obktbtgikx66,https://bridges.box.com/s/b6nj85v2i3s27h24ju4cle49w3y5git3,Yes,-1.94833,29.493611
1012997,Uwumugeti-Kigusa,Complete,Nyamagabe,Suspended Bridge,55,,,6/20/20,9/22/20,1,8/25/20,https://bridges.box.com/s/k2i27tligs5b8zs9apwjlmzr0wg09rhc,https://bridges.box.com/s/fh4pfonsv6peiagu6zcls9082x6a3k27,1,11/3/20,https://bridges.box.com/s/s9ipjtc9qp3aeu5kykiwp471dqv4g2ag,1,11/20/20,https://bridges.box.com/s/fqocyloycx689i7qvrhxa7l1l2jn6c3h,1,3/1/21,https://bridges.box.com/s/nm2l2p7qxaj1uaz5wthhnarb374iwa8j,10/22/20,86724.18,,10834.38,31289.19,28980.84,28087.56,893.28,https://www.flickr.com/photos/bridgestoprosperity/50279862427/in/album-72157715087855338/,https://www.flickr.com/photos/bridgestoprosperity/50494118488/in/album-72157715087855338/,https://www.flickr.com/photos/bridgestoprosperity/50494974142/in/album-72157715087855338/,https://bridges.box.com/s/qb5vfsh3eorupni1qpna2lcq8p8nwky6,https://bridges.box.com/s/wpxu3eunjjkarn5y98zoxx6rsa3ue9m3,1,https://bridges.box.com/s/h9k4wkpdfv1aqi5udfmr75zemz3ru5ph,https://bridges.box.com/s/b88cwhnuzppvrhbvt2c6341b2m551099,Yes,-2.540715,29.503838
1013218,Rweru,Complete,Nyamagabe,Suspension Bridge,46,,,11/25/19,3/6/20,1,3/19/20,https://bridges.box.com/s/byzfu49cbfgsp2qrp2rz7me51jfufu10,https://bridges.box.com/s/w911bmid7kkrcri2ylae963tfq7gzc70,1,4/1/20,https://bridges.box.com/s/7vgbd6ex583d0meqy8g1vdbz6gcq1k9s,1,6/24/20,https://bridges.box.com/s/wozvu29eihz5vsa4lbjwcfdj1k2fm3ld,1,7/2/20,https://bridges.box.com/s/9kmw4g0q4okisw8msh6siyo62rkd8u5f,3/6/20,96223.27,,36205.69,33143.21,29879.87,29737.33,142.53,https://www.flickr.com/photos/bridgestoprosperity/49379432931/in/album-72157712652736878/,https://www.flickr.com/photos/bridgestoprosperity/49730589158/in/album-72157712652736878/,https://www.flickr.com/photos/bridgestoprosperity/49731136431/in/album-72157712652736878,https://bridges.box.com/s/0xgcm21utknv1xo7diwhwp3kyjt23yr2,https://bridges.box.com/s/kg1r060bkt3nks3xf2lhbo0nzzn5zbvc,1,https://bridges.box.com/s/j1pclwuiogmu9neklj2fexpws34hkqnt,https://bridges.box.com/s/4t8rl0dqchnaxz45hbzjqbpb6ayh2pyr,Yes,-2.52565,29.568185
1013351,Kiciro,Complete,Muhanga,Suspension Bridge,33,,,8/19/19,5/29/20,1,10/4/19,https://bridges.box.com/s/0y4p5bbfmbs5hmvvnwtwq4fnibi5orm7,https://bridges.box.com/s/go9ibrvune17bn44atwjnet2gmoczbre,1,10/9/19,https://bridges.box.com/s/b7egqutu0odrbm3jby69xe3rc8dyrb5m,1,6/17/20,https://bridges.box.com/s/kbxi0c3a1ktfcyc7mbqeqwau8wnrc52x,1,6/24/20,https://bridges.box.com/s/aiw5wkzbs0mmvqzhacevbpo4sphqjwp7,6/1/20,77331.28,,39345.36,29745.33,28369.32,23685.74,4683.58,https://www.flickr.com/photos/bridgestoprosperity/49390139248/in/album-72157711042969586/,https://www.flickr.com/photos/bridgestoprosperity/50045244336/in/dateposted-public/,https://www.flickr.com/photos/bridgestoprosperity/49382732183/in/album-72157711042969586/,https://bridges.box.com/s/7z2w5zgjtskqsaap6qilmd6yw0q2x4a2,https://bridges.box.com/s/e5yjdj9hfe1wa86z8rhbjnyzu7h507sc,1,https://bridges.box.com/s/xojjxa859t8rorvad7rzpybxz47jo849,https://bridges.box.com/s/ibuqyrjwrkcu7494g5u43dgp062zki1d,Yes,-2.05545934,29.64411986
1013457,Kivugiza,Complete,Ngororero,Suspended Bridge,55.7,,,10/29/19,5/29/20,1,2/13/20,https://bridges.box.com/s/lmsd172qri6ucqrkv6u3n2sgfrz9u88e,https://bridges.box.com/s/v53ud3mze0t5ga87citdwafud0tj5s1j,1,5/15/20,https://bridges.box.com/s/b01uu0i45pifyhy5pn5in9tvzb543603,1,6/17/20,https://bridges.box.com/s/gjsjb8za211v0zrdf8co6hqshe1012b2,1,6/30/20,https://bridges.box.com/s/jswka5ycwoavtg2e1asp2tilqlruuqy5,2/10/21,86244.32,,41961.38,35946.04,33895.68,28650.02,5245.66,https://www.flickr.com/photos/bridgestoprosperity/49391185271/in/album-72157712686144892/,https://www.flickr.com/photos/bridgestoprosperity/49951621687/in/album-72157712686144892/,https://www.flickr.com/photos/bridgestoprosperity/50040900596/in/album-72157712686144892,https://bridges.box.com/s/z5wr70o1jk2h3q6ruw4f6tdn6xbx0mju,https://bridges.box.com/s/olmikgmjlv5grqm1irvvje78t4ax51dc,1,https://bridges.box.com/s/2vm75q0j4sltj8ecodnhmybr2mf178y0,https://bridges.box.com/s/i0tfv9tz6m5tdrskmdu0wkns04zj4bog,Yes,-1.94955,29.56793
1013541,Buhito,Complete,Ngororero,Suspended Bridge,33,,,10/30/19,3/12/20,1,12/12/19,https://bridges.box.com/s/nafs1bukkctfp2eu04ienuhg7kkr9c9g,https://bridges.box.com/s/y8mnvr9sppjdiy3kswroaksl1bnvkuch,1,5/15/20,https://bridges.box.com/s/xa9tbz4mzwydto3kuuoiekccs9huc7k5,1,6/17/20,https://bridges.box.com/s/1rz79m0itjw7255aovy4wwa1ubvyjejl,1,6/30/20,https://bridges.box.com/s/36vf82odhgrdr1b4f49f0su5x7zm0zsg,2/10/21,74542.22,,28426.64,27755.66,22936.05,19263.98,3672.07,https://www.flickr.com/photos/bridgestoprosperity/49390960903/in/album-72157712686806667/,https://www.flickr.com/photos/bridgestoprosperity/49651317298/in/photolist-2iDvYNN-2iDvYNx-2iDA8E1-2iDvYMq-2iDyJuu-2iDyJw8-2izhmJ6-2iziFLi-2izhmGY-2izeMR3/,https://www.flickr.com/photos/bridgestoprosperity/51115876763/in/album-72157712686806667/,https://bridges.box.com/s/4q962ituoqoaagdtio5dahumumlbqiim,https://bridges.box.com/s/4njjqkas7j7fvqkj7onqb270c0n2ndun,1,https://bridges.box.com/s/kmamyi91pui8z6vgw33g0234hfjni6pj,https://bridges.box.com/s/g4r0lziwa4c902ol90lac5as83z0xwn4,Yes,-1.81792,29.54411
1013641,Rwinyoni,Complete,Rutsiro,Suspended Bridge,45,,,8/26/19,3/13/20,1,3/5/20,https://bridges.box.com/s/tp5zxiaewpbq4bbjbfvngz9uiniek3wy,https://bridges.box.com/s/dum03i5q873zg41bvxlrf3y4kjo6i1nc,1,3/27/20,https://bridges.box.com/s/74vkszb7tx660d1rq3eowom0618a0tun,1,6/22/20,https://bridges.box.com/s/f9vg0qz9lkehew5fkgszp5greombzcf3,1,7/2/20,https://bridges.box.com/s/6oe3fm3jq6djpfgpr1hjst8cj1cjla8b,3/19/20,89197.8,,33163.05,41175.82,27560.89,22620,4940.89,https://www.flickr.com/photos/bridgestoprosperity/49770824606/in/album-72157712689610103,https://www.flickr.com/photos/bridgestoprosperity/49727546813/in/album-72157712689610103/,https://www.flickr.com/photos/bridgestoprosperity/49728102971/in/album-72157712689610103/,https://bridges.box.com/s/ogrmmx2eyb5wn9ed5wtfzghm0um6rn5o,https://bridges.box.com/s/1af3yo3fqxz0nqogztswcdp6l6mkt7hq,1,https://bridges.box.com/s/ck7558fp85ep7qf32zw48dymyhfnwckw,https://bridges.box.com/s/beiph6j1zosrmrlsskoiqbzzak0du0b2,Yes,-1.80169,29.29776
1013652,Butana,Complete,Rutsiro,Suspended Bridge,27,,,8/26/19,5/28/20,1,3/5/20,https://bridges.box.com/s/rv8ajqq6h3hlkbukk78vuu77u2b0k79n,https://bridges.box.com/s/2gydrvbxp9d671wnpcamatkwcfrc4mdi,1,3/27/20,https://bridges.box.com/s/cq5ssbz7y5a6ig96qovod29d5rtxwze1,1,6/27/20,https://bridges.box.com/s/2nlegsajwnelw9r8v3hhudn4nv4uh7tz,1,7/2/20,https://bridges.box.com/s/c210upekuf44mwzacm96fplnkai51ue2,5/29/20,71406.59,,27584.72,26593.41,21327.8,17492.44,3835.36,https://www.flickr.com/photos/bridgestoprosperity/48934365903/in/album-72157711084277291/,https://www.flickr.com/photos/bridgestoprosperity/49971656092/in/photolist-2j8PNmL-2j8PNo9-2j8PNns-2j8KNP3-2j8KNN6,https://www.flickr.com/photos/bridgestoprosperity/49971656092/in/album-72157711084277291/,https://bridges.box.com/s/hfudt6nhgljkz9nor17731iy8v05239i,https://bridges.box.com/s/2phmvoyv5j6xdezmogzlp3bfsqalkqdu,1,https://bridges.box.com/s/g1vm3xc7vis4oqozzntuw71abw7kha9w,https://bridges.box.com/s/apgisv190ih466t8p3m1px962nwkbou6,Yes,-1.86777,29.289722
1013658,Nkora,Complete,Rutsiro,Suspended Bridge,40,,,10/21/19,5/26/20,1,3/5/20,https://bridges.box.com/s/9foygq307igr0av307mj2fpi1ghi17cr,https://bridges.box.com/s/0a51vpo2wbi6jhx1f714ikbhllw9eoqu,1,3/27/20,https://bridges.box.com/s/qdrlva3te1vdpm95wv4d7luo8n4i1aew,1,6/22/20,https://bridges.box.com/s/d6p6bs9spfd413k2f17x2sps9uvynnps,1,7/2/20,https://bridges.box.com/s/2klld733mkwm948acv2na5xb5uqfulbo,4/12/21,74395.6,,27370.48,28098.9,19414.16,15931.28,3482.89,https://www.flickr.com/photos/bridgestoprosperity/49042343827/in/album-72157711717160441/,https://www.flickr.com/photos/bridgestoprosperity/50041259127/in/album-72157711717160441,https://www.flickr.com/photos/bridgestoprosperity/50194545796/in/album-72157711717160441/,https://bridges.box.com/s/aasfnly966xlb2wkeetk32l04supqzl4,https://bridges.box.com/s/kg1r060bkt3nks3xf2lhbo0nzzn5zbvc,1,https://bridges.box.com/s/5mngjqhuuqo32qoi3ga784803zaypqsi,https://bridges.box.com/s/cy6c3p47has8f09bp0l2wxs1ra1n6zsg,Yes,-1.8675,29.324166
1013662,Kagogo,Complete,Rutsiro,Suspension Bridge,49,,,9/16/19,3/16/20,1,3/5/20,https://bridges.box.com/s/9wip2wrgyrdgrsspppmeohu8f28scvuo,https://bridges.box.com/s/lergdo97c8nzpthtreutfbccmeqwipmu,1,4/17/20,https://bridges.box.com/s/rim8zcy2we1wr1a3rnnw6ox2x4ieufll,1,6/22/20,https://bridges.box.com/s/0updq962ej6psewjv4jo7mjh11e3fa8k,1,7/2/20,https://bridges.box.com/s/v28jdohpevb1ttbzlojf8ozkdczo32co,5/26/20,92340.66,,43365.53,36956.04,33581.92,27514.67,6067.25,https://www.flickr.com/photos/bridgestoprosperity/48934797376/in/album-72157711084080652/,https://www.flickr.com/photos/bridgestoprosperity/49730954338/in/album-72157711084080652/,https://www.flickr.com/photos/bridgestoprosperity/49731769502/in/album-72157711084080652/,https://bridges.box.com/s/hp5hey7y4bhx0z60i7vmajr32aj6q5rl,https://bridges.box.com/s/efypf8pzrr3jvmbu08olagnnmpzeg6v5,1,https://bridges.box.com/s/w2nbvyv11vlw3zz27c29d1rb12dc24a4,https://bridges.box.com/s/5xdazfdn1jf4kue03ebrv8z9vffhn8e8,Yes,-1.90122,29.37049
1007340,Gitwa,Complete,Gakenke,Suspended Bridge,52,,,5/1/21,6/30/21,0,,,https://bridges.box.com/s/912sum7zbjgrhakuiwy47t9wwz7dejjh,0,,,0,,,0,,,8/16/21,95736.39,,,49493.3,0,0,0,https://www.flickr.com/photos/bridgestoprosperity/51687978493/in/album-72157720150944903/,https://www.flickr.com/photos/bridgestoprosperity/51688605225/in/album-72157720150944903/,https://www.flickr.com/photos/bridgestoprosperity/51687702796/in/album-72157720150944903/,https://bridges.box.com/s/5r9jfg05vs0axxj75g2tc4nbbaagtx99,https://bridges.box.com/s/c3mxi8pl2x3p3i4fisanazctf1j6dvpo,1,,https://bridges.box.com/s/cy4rvnfodsvq1empwy41cp7jfn90p4p5,No,-1.738888,29.755277
1007347,Ntaruka,Complete,Gakenke,Suspended Bridge,44,,,3/29/21,6/28/21,0,,,https://bridges.box.com/s/27slk9slu660jj1qpn6b17h7j5vjcqal,0,,,0,,,0,,,6/28/21,101244.87,,,49516.42,0,0,0,https://www.flickr.com/photos/bridgestoprosperity/51687979638/in/album-72157720205840350/,https://www.flickr.com/photos/bridgestoprosperity/51687704076/in/album-72157720205840350/,https://www.flickr.com/photos/bridgestoprosperity/51686914887/in/album-72157720205840350/,https://bridges.box.com/s/5kim5mel98mkmwmo9hs5i40qhuzfm2gk,https://bridges.box.com/s/edjrksay2gxgzb7t6d0oauow9kwuwb5e,1,,https://bridges.box.com/s/junamsow24m79nzxoum85nyy6vm2yc98,No,-1.781111111,29.87916667
1007400,Karama,Complete,Muhanga,Suspension Bridge,52,,,10/24/20,2/12/21,1,12/10/20,https://bridges.box.com/s/6b11vovldg6u4nhxc5rfya70ihs37cx9,https://bridges.box.com/s/hxev4ftaolhv9phogredljabrzn97l1x,1,12/26/20,https://bridges.box.com/s/k3f8wyg4sehzso3yje4rjoumlxjxyj0k,1,9/9/21,https://bridges.box.com/s/ewq8dacw5byscmfheya3qcnajcapsdjd,1,6/2/21,https://bridges.box.com/s/9jdmea41e7d2i4rwem52dc677erddpgd,2/12/21,85019.93,,38193.72,27215.87,26184.2,25126.21,1058,https://www.flickr.com/photos/bridgestoprosperity/50636943836/in/album-72157716865795031/,https://www.flickr.com/photos/bridgestoprosperity/50991923473/in/album-72157716865795031/,https://www.flickr.com/photos/bridgestoprosperity/50992604542/in/album-72157716865795031/,https://bridges.box.com/s/jftupt7ai688udlg02coljqtia6sdd65,https://bridges.box.com/s/iuolym91eqfm7o0hkc5no66flog6rhur,1,https://bridges.box.com/s/jkzo8ribi9vkazqt79gkx46v66dd37zq,https://bridges.box.com/s/ppeai093ka23pvpjk24uxlagn1ja2b8r,Yes,-2.07322294,29.71500053
1007423,Bushoka,Complete,Ngororero,Suspended Bridge,89,,,2/22/21,7/9/21,1,5/28/21,https://bridges.box.com/s/96bbatj6p1dsabh3de9o2s6rjmkc6hhq,https://bridges.box.com/s/i9jdy318nbe80bh29a9dqa3lt1cgzqxe,1,6/11/21,https://bridges.box.com/s/siul8v6hkgvr04y24m46ht9i4zadwkhq,1,8/13/21,https://bridges.box.com/s/bca6pdkaf44ovcvbk3u11xd4lh8hw5ml,1,9/27/21,https://bridges.box.com/s/g3a4peo8nqm2zgxvkrbsvpacfgv8b09v,7/15/21,97944.92,,58237.13,38789.56,33663.52,33557.52,106.01,https://www.flickr.com/photos/bridgestoprosperity/50992026078/in/album-72157718479908978/,https://www.flickr.com/photos/bridgestoprosperity/51691567150/in/album-72157720157520054/,https://www.flickr.com/photos/bridgestoprosperity/51689882142/in/album-72157720157520054/,https://bridges.box.com/s/2lcu0gtg9lx16n89sh5evkkorizg9gi6,https://bridges.box.com/s/48dirtm9m0vwgq9c552yb5o34wzfl6xx,1,https://bridges.box.com/s/35h0pmrxthwd1mdlxo9um5ink9lwu3fh,https://bridges.box.com/s/a3620ilvla7il8hfkqoxzumk0bk3wrda,Yes,-1.801579,29.645831
1007425,Muhembe,Complete,Ngororero,Suspended Bridge,92,,,2/18/21,5/19/21,1,5/13/21,https://bridges.box.com/s/oomwlckln0b7uh5wyt75is5ewd6g21hf,https://bridges.box.com/s/u3y5j2dmbtvshd5p6a3p82qgelze24dn,1,6/2/21,https://bridges.box.com/s/6tb3kwo05h9qko3g2xb6ib1j73d99sqx,1,6/16/21,https://bridges.box.com/s/xek1ifd81atd8a9bzzld5v9ffkgsw3k0,1,6/30/21,https://bridges.box.com/s/krx5yju1dctwumgojcs8x3n596pooccq,5/26/21,100252.96,,40006.1,34427.64,29045,27765.93,1279.06,https://www.flickr.com/photos/bridgestoprosperity/50991944633/in/album-72157718479645493/,https://bridges.box.com/s/r7bn2xpe9gw6i6cs5lmm1v65l9a617y1,https://bridges.box.com/s/y9k8rehtobio5ng06x1t3cu0r98ejm3w,https://bridges.box.com/s/iw7yhmyemifciv9jdacbzu5rrslqessx,https://bridges.box.com/s/ikxycjr23rzwyvsqdxtlr1estisah9yd,1,https://bridges.box.com/s/ztvivqtetrj0t78erxaguida0bu9rsqm,https://bridges.box.com/s/ro35kmbvyjzvqmq6weq8bxeqj6oikpn2,Yes,-1.82487,29.61382
1014031,Nyabikeri,Complete,Karongi,Hybrid Suspension Bridge,90,,,7/2/20,6/18/21,1,5/28/21,https://bridges.box.com/s/df33949vfgopjsf7f3ycfgs36lo3p2x6,https://bridges.box.com/s/n1aqgbft8vnd84xr86ft5stbvx2elznb,1,9/8/21,https://bridges.box.com/s/2exqr0an6oz46mfy04np1jo10c2x64xv,1,7/20/21,https://bridges.box.com/s/mfi3fnz8o0srk3dtewna3uhyybn2iv9x,1,10/19/21,https://bridges.box.com/s/enmldq5eiur9shfwhyhxqgcalm6ji39m,7/29/21,118036.67,,1662.57,48382.34,23782.91,23499.07,283.84,https://www.flickr.com/photos/bridgestoprosperity/50492568968/in/album-72157715367918771/,https://www.flickr.com/photos/bridgestoprosperity/51691588030/in/album-72157720160915236/,https://www.flickr.com/photos/bridgestoprosperity/51690966183/in/album-72157720160915236/,https://bridges.box.com/s/f64lxtvxssoikyi2tkcc8pu8te3e4jf9,https://bridges.box.com/s/c2co35rjgupk53stgc7l5z07i3qsq56e,1,https://bridges.box.com/s/cyq2p34sa4v0m8wvhtxdmo00geihmk8b,https://bridges.box.com/s/fk7zp9k3nd76may11girhzvykavzraq3,Yes,-2.209275,29.47145
1014056,Mugonero,Complete,Karongi,Suspended Bridge,104,,,7/6/20,6/25/21,1,5/28/21,https://bridges.box.com/s/3zdwakp7anke15ti4d0g9qs2foiapzia,https://bridges.box.com/s/wma2l49wegpkg66mzkno0ry0p5qtcxmw,1,9/8/21,https://bridges.box.com/s/pxbzwfarrx21sccs7n65h7gp338smmxq,1,7/20/21,https://bridges.box.com/s/1672in2td6qv8vr4z5bmffc4sbi4h45n,1,10/19/21,https://bridges.box.com/s/tmtdpy7sasgmnfki374bqurv4cajku4t,6/25/21,133203.52,,1464.75,58714.15,31717.24,31772.16,-54.92,https://www.flickr.com/photos/bridgestoprosperity/50168170702/in/album-72157715212285868/,https://www.flickr.com/photos/bridgestoprosperity/51690693096/in/album-72157720155277628/,https://www.flickr.com/photos/bridgestoprosperity/51690693086/in/album-72157720155277628/,https://bridges.box.com/s/brbyb8uu1hr37qc92lcfv9hceb1i2n7z,https://bridges.box.com/s/0gep28od6i4maau0r5iig66cwidva3xz,1,,https://bridges.box.com/s/z15gc5m6sdgri222196kpqeyakdgffev,Yes,-2.14763,29.34468
1014069,Gasharu,Complete,Karongi,Suspended Bridge,48,,,7/2/20,6/8/21,1,5/28/21,https://bridges.box.com/s/kbhcwyjntw0qiyqqdmf8bze8b6wmh2v1,https://bridges.box.com/s/wdxjm1hdxtytr9fbjyfhr4r6ijlsm9n7,1,9/8/21,https://bridges.box.com/s/tsz4a89dps5w0lf0h9n39rlijnrox5lv,1,7/20/21,https://bridges.box.com/s/19tl8bbedq47lpgwh16jfhuqftdbxdmr,1,10/19/21,https://bridges.box.com/s/29kap7ils7fieficzuau1tm6hqe6ja8j,6/8/21,87073.26,,2045.04,35136.7,16692.23,16493.01,199.21,https://www.flickr.com/photos/bridgestoprosperity/50168196522/in/album-72157715287763796/,https://www.flickr.com/photos/bridgestoprosperity/51691369719/in/album-72157720210152245/,https://www.flickr.com/photos/bridgestoprosperity/51691369699/in/album-72157720210152245/,https://bridges.box.com/s/czxbpa2bcgmie261uh0vwoyi7nakv5wk,https://bridges.box.com/s/68ilibkkewtgl2xowli9xes6bcvsi4ff,1,https://bridges.box.com/s/vh4scgxmht5c1m8eo196cpw7w9eu0t2m,https://bridges.box.com/s/75183q8plststl0ziqyitpx2hpcnccj2,Yes,-2.13333,29.3625
1012951,Ngoma,Complete,Muhanga,Suspended Bridge,135,,,10/24/20,2/25/21,1,12/10/20,https://bridges.box.com/s/k9fr6oaigfb4b3xi8ft0kc48mkn495jl,https://bridges.box.com/s/d6x248umnk98e9hg41fazmmwaa27mm2f,1,12/26/20,https://bridges.box.com/s/kod18q0meilna0pg9sm1o6mp25gexcop,1,9/9/21,https://bridges.box.com/s/xkf80gb36eonfqxnyxdoan9um4aq9epk,1,6/2/21,https://bridges.box.com/s/bi22iovcise0veagq3m6t8o0qsrc8sqs,10/26/21,139513.54,,65812.88,61186.71,49125.59,47573.13,1552.47,https://www.flickr.com/photos/bridgestoprosperity/50596274268/in/album-72157716869545717/,https://www.flickr.com/photos/bridgestoprosperity/50992530737/in/album-72157716869545717/,https://www.flickr.com/photos/bridgestoprosperity/50991717078/in/album-72157716869545717/,https://bridges.box.com/s/rhx6oprxwnqnrpum6o4d1g7yd0f9nsv8,https://bridges.box.com/s/tjb2n4yua8vs0zkcotm6a72z54wtpxu7,1,https://bridges.box.com/s/ww6hadd4465cf9r1ic54vewhevlvvzin,https://bridges.box.com/s/airai62jikujsrz4dpkp4a1l4y0zd0t5,Yes,-2.04935967,29.70709763
1013459,Rugeshi,Complete,Ngororero,Suspended Bridge,110,,,2/18/21,5/31/21,1,5/13/21,https://bridges.box.com/s/w8gs7u7n7y7zldeqp9m8ejzwpysccb44,https://bridges.box.com/s/b9l24ng3n1u2qxjdmp8cczovmy4n8gas,1,6/2/21,https://bridges.box.com/s/af0sig5z5cuhlcees2utfislz1tn5x0c,1,6/16/21,https://bridges.box.com/s/nx0uzyta67ae41yle57krif020sztjmn,1,6/30/21,https://bridges.box.com/s/zwe1adso9z304wq0b5tlkanxocwwj3bi,6/1/21,114121.62,,54043.52,42236.39,37971.94,36176.64,1795.3,https://www.flickr.com/photos/bridgestoprosperity/50992822982/in/album-72157718479844248/,https://bridges.box.com/s/v2ivwlgshpv8y93ctyqpuaww3pu96ylv,https://bridges.box.com/s/3h0xo3mg73v2cv63xd39nvn7w9mfy9vx,https://bridges.box.com/s/fjs2aa9v618fato99gnp2ngf3hrhaijj,https://bridges.box.com/s/diwc7861te70ua907simxxlx1n6frbl1,1,https://bridges.box.com/s/fi13pzc09y2i342jpd15vidrc8f9qwq0,https://bridges.box.com/s/epf41d2kt69rf2orxuox3alyncaw793v,Yes,-1.96038,29.54036
1013460,Gasasa,Complete,Ngororero,Suspended Bridge,45,,,2/22/21,5/19/21,1,5/13/21,https://bridges.box.com/s/ssmqfwkfi20ywo6taio8vlnix9r5p8wb,https://bridges.box.com/s/19b6973y9po6kaklfloapvyogdl65xqe,1,6/2/21,https://bridges.box.com/s/qxvnkqytcrqmbb2v5piwgr3l9xjghlrr,1,6/16/21,https://bridges.box.com/s/oupcwjyncamvithkjqn6xwkdnfwo5d7d,1,6/30/21,https://bridges.box.com/s/78b2mimac2mkwnx9wzjtvgglwyk270t9,5/26/21,76094.64,,31422.31,26059.67,25074.19,23788.79,1285.4,https://bridges.box.com/s/ur14maavqqxih4t71morgie64ksu784o,https://bridges.box.com/s/ivt7rx3frbr7ljn5k886lhif8l8hfktc,https://bridges.box.com/s/3a7l2molecoek760hfl843eahgl0a07c,https://bridges.box.com/s/5x3fo9f7ca9olyro7qe4s23czx9dpobr,https://bridges.box.com/s/uj4orfz9nlqkenxdyjtwg9wae6sd00fy,1,https://bridges.box.com/s/kc0xsacghtqdwigv6ctd2gn581s7wd02,https://bridges.box.com/s/3x7tgq2r7p2xhq41y85ir4bkxolcrbfc,Yes,-1.95373,29.54198
1013678,Kwiterambere,Complete,Gakenke,Suspension Bridge,76,,,3/25/21,6/30/21,0,,,https://bridges.box.com/s/u5qudygydlp359ra9iz0luafhd9ctyrz,0,,,0,,,0,,,8/9/21,116801.78,,,56110.96,0,0,0,https://www.flickr.com/photos/bridgestoprosperity/51686917417/in/album-72157720205844410/,https://www.flickr.com/photos/bridgestoprosperity/51687706976/in/album-72157720205844410/,https://www.flickr.com/photos/bridgestoprosperity/51688388959/in/album-72157720205844410/,https://bridges.box.com/s/pxz4wvx3h2971zcevhki0wsjk7ywtb6y,https://bridges.box.com/s/2ktjliafftvlhjppz8a4sx8kgn7pcd75,1,,https://bridges.box.com/s/vsghf2vtp9cb531x2sjl6m86j0o5lknj,No,-1.66344,29.83439
1013692,Kigandi,Complete,Nyamasheke,Suspended Bridge,64,,,6/15/21,9/21/21,0,,,https://bridges.box.com/s/pjknj67kupuj21vf8gupmpro9kmgz8zi,0,,,0,,,0,,,10/7/21,101584.36,,,44618.52,0,0,0,https://www.flickr.com/photos/bridgestoprosperity/51688610300/in/album-72157720150954203/,https://www.flickr.com/photos/bridgestoprosperity/51687984093/in/album-72157720150954203/,https://www.flickr.com/photos/bridgestoprosperity/51687708216/in/album-72157720150954203/,https://bridges.box.com/s/a33qeeptm93wn8cc2tuar02ingho3xq8,https://bridges.box.com/s/5oo72rt9nhgunkc6z7otvpwji505klow,1,,https://bridges.box.com/s/buyws1qylyggb9xto0q7carrz25pv958,No,-2.326002,29.165331
1013895,Nyagisasa,Complete,Nyamasheke,Suspension Bridge,114,,,5/31/21,10/4/21,0,,,https://bridges.box.com/s/4cx9ss2204qdwnub0bwtp0h7r651wwm9,0,,,0,,,0,,,10/7/21,148854.63,,,77186.83,0,0,0,https://www.flickr.com/photos/bridgestoprosperity/51688611695/in/album-72157720205848255/,https://www.flickr.com/photos/bridgestoprosperity/51687985413/in/album-72157720205848255/,https://www.flickr.com/photos/bridgestoprosperity/51688391799/in/album-72157720205848255/,https://bridges.box.com/s/qio9varylzs8x98rfxhi1fm8i88qytd8,https://bridges.box.com/s/90ia3mbwdaeth4n3rdu8ltoroqem4azm,1,,https://bridges.box.com/s/1aru8aw8rxf4ds6wiwtau9c9xc0lfh1z,No,-2.343073,29.140422
1014269,Nyarusange,Complete,Nyarugenge,Suspended Bridge,132,,,11/6/20,3/4/21,1,1/18/21,https://bridges.box.com/s/je3oioimkj0jla04ec0upn202pkrqqkp,https://bridges.box.com/s/yoq759wzck0g51klpuq3t86wwswh590f,1,3/31/21,https://bridges.box.com/s/74v5qdq76jzjvt56myxlymj0gxsfw4gn,1,4/26/21,https://bridges.box.com/s/eiwaeb0whvtt8o5a2xcfxgh9p4ryp50f,1,6/8/21,https://bridges.box.com/s/lzmi6zrt6tef5y42gk3jdxd8tf3pas5y,10/12/21,137234.38,,65962.92,59773.84,50885.52,50645.01,240.5,https://www.flickr.com/photos/bridgestoprosperity/50710075603/in/album-72157716910750362/,https://www.flickr.com/photos/bridgestoprosperity/51012512393/in/album-72157716910750362/,https://www.flickr.com/photos/bridgestoprosperity/51013301952/in/album-72157716910750362/,https://bridges.box.com/s/gkgdx686i8za4kn2vcuxx1s8dggj6lfh,https://bridges.box.com/s/4q27z70z84swsdjo7mexjm04cggqa7bk,1,https://bridges.box.com/s/0la3pqoeve7pgn9eaxdajz87mef3d0e0,https://bridges.box.com/s/b4rv4wsviqn7hdepya7jwls7q2j8oi6c,Yes,-1.894583,29.996602
1015561,Nyakabande-Bitaba,Complete,Karongi,Hybrid Suspension Bridge,97,,,7/2/20,6/18/21,1,5/28/21,https://bridges.box.com/s/ggc2hppzo1gpgf2hwpcfend1jvolb1u0,https://bridges.box.com/s/7c7jhc9zzba7znd4dt6cnnioynjixzhu,1,9/8/21,https://bridges.box.com/s/ug9pljt2yjb0v9avvu9hl2pl3oa9h6mv,1,7/20/21,https://bridges.box.com/s/se3cdtuqq0f59y1rqv9mwnb272k2bobk,1,10/19/21,https://bridges.box.com/s/1jmoyde7h0rovz7dj0n3n9xemjzs40sl,6/18/21,116247.53,,1554.63,47357.05,27478.9,27150.95,327.95,https://www.flickr.com/photos/bridgestoprosperity/50493525382/in/album-72157715612437621/,https://www.flickr.com/photos/bridgestoprosperity/51690703861/in/album-72157720155295458/,https://www.flickr.com/photos/bridgestoprosperity/51691382249/in/album-72157720155295458/,https://bridges.box.com/s/cd8wu4xswvauw5k8d6st5ldm3v85nuz5,https://bridges.box.com/s/334ew247b6izz9f3pm7jvjxy93rodw4b,1,https://bridges.box.com/s/3ziznq82sdldtnfjcqjxg9hv9qwtuhty,https://bridges.box.com/s/zjdsko2qefwhj431emi83njahf8agvki,Yes,-2.109525,29.314058
1015693,Kabutimbo,Complete,Gakenke,Suspended Bridge,55,,,3/29/21,6/28/21,0,,,https://bridges.box.com/s/stb78v0v8edpwvmlb4qwkrgpnwy2ueuh,0,,,0,,,0,,,6/29/21,97485.4,,0,44147.27,0,0,0,https://www.flickr.com/photos/bridgestoprosperity/51687981018/in/album-72157720163476992/,https://www.flickr.com/photos/bridgestoprosperity/51687705281/in/album-72157720163476992/,https://www.flickr.com/photos/bridgestoprosperity/51686916027/in/album-72157720163476992/,https://bridges.box.com/s/u38fjntzdbpdnvirqecponf339pomy90,https://bridges.box.com/s/f3gptbb8nehl1cd8z0iykoqijt9ovlwp,1,,https://bridges.box.com/s/ypvm6g9yh54e7qxmhx1jknj9to88d76x,No,-1.621187,29.660569
1007424,Murambi,Complete,Ngororero,Suspended Bridge,78,,,9/6/21,12/16/21,1,11/22/21,https://bridges.box.com/s/phooojvz0f74iuva0jbwehgf2zzv076a,https://bridges.box.com/s/r61txoerim5kk1c13v6nvq2xcgriivje,1,12/13/21,https://bridges.box.com/s/o2hj4adosmx9rjnhuopv5a5p6vzmpfq1,1,1/11/22,https://bridges.box.com/s/9jt4pr631vhnelylz8eflgnwdipcs6lu,1,4/13/22,https://bridges.box.com/s/0bhcmo027izt0ypiw4quv1etj5hvpgh4,12/10/21,102677.52,,51708.43,28510.99,20917.86,18768.58,2149.28,https://bridges.box.com/s/dbn0wrfp5qkcyae3ez34n86cfn606rtt,https://bridges.box.com/s/j9u7vd34n6ajft4n2w2byabo721l4c4k,https://bridges.box.com/s/6pslf4f2ed2ggf70kh73d63ovhx2z6vp,https://bridges.box.com/s/ppbm5y4krza5q4q0sjsargir1qunoryp,https://bridges.box.com/s/xbsnhoop51im8tebgcfjl47p4g6zys8e,1,https://bridges.box.com/s/944vqlmguje9qkjfo7dfr34mfeo25q41,https://bridges.box.com/s/pn5xzl7fazal3pcg2uqompe92in66hvt,Yes,-1.856167,29.622611
1007426,Mucyabahinja,Complete,Ngororero,Suspended Bridge,86,,,11/15/21,3/4/22,1,1/20/22,https://bridges.box.com/s/gke1xm7oopgw5wvnngzzouy6ibb7z17d,https://bridges.box.com/s/m3yh7h2y45c0ovqkkebg5y0ptiypdte2,1,3/3/22,https://bridges.box.com/s/el4y2xpfgmd6izfxxfhgmpfxrcry8bfr,1,3/28/22,https://bridges.box.com/s/25uuwvow58x56f9857oshtwxtodg3svb,1,5/16/22,https://bridges.box.com/s/wb8nu571krujdrbul2vrdj69faytr7y2,3/4/22,103724.9,,58128.17,29122.05,22473.23,22357.73,115.5,https://bridges.box.com/s/zgr0fi1l4twjb8p6kt2hsvirsub1l949,https://bridges.box.com/s/5512aa5pw5q07si78wobtamgdiho2f1n,https://bridges.box.com/s/d3iexxyzj3b977ne2vq12a67zi0pw0ya,https://bridges.box.com/s/uzf1boytc1xrm7fcts1caryilrutgoz3,https://bridges.box.com/s/oqdjxknprqfdmvbeouvr6hmnktu8iqmo,1,https://bridges.box.com/s/al0kihuueurqp3ehetc65537rloafbty,https://bridges.box.com/s/ed424oarjh29nzfx4tqvil8vcnzba06g,Yes,-1.819809,29.6066111
1007444,Kamiro,Complete,Nyabihu,Suspended Bridge,58,,,2/7/22,6/23/22,1,6/6/22,https://bridges.box.com/s/gwcnn3583qw4a3r8mw86udn497u75m50,https://bridges.box.com/s/ozdxdiab120pkjyo1egwxy0k757lr7o6,1,6/21/22,,1,7/22/22,https://bridges.box.com/s/7c76e10b480j40ik1yipb5s9n3drva5x,0,,,,84270.29,,,24450.23,20506.14,10473.51,10032.63,https://bridges.box.com/s/1z0hx5otr8yjgz6o7tvz7hcasooyv28y,https://bridges.box.com/s/55lgfchxe48sv3popp8anxgw791guv7z,https://bridges.box.com/s/plq8sqprs8h0lfffraawuoyuznotvpc2,https://bridges.box.com/s/x9ebmrtmrcecqkofydp6ae3ggwxigvrn,,1,,,Yes,-1.681,29.50024
1007463,Mujerenge,Complete,Nyamagabe,Suspended Bridge,70,,,8/9/21,11/22/21,1,11/12/21,https://bridges.box.com/s/6jaq6f7ub67ncxhmnjxocpd3ajjhkear,https://bridges.box.com/s/212phjfmq80shno3ergzw80bqyaet6jm,1,12/22/21,https://bridges.box.com/s/vesj7nwxfp1ssejaykpldyiwfn9hwaj4,1,3/11/22,https://bridges.box.com/s/wmvbsx4qaz1yup2zumjwmxy7a3uligve,1,4/27/22,https://bridges.box.com/s/l31m77bnp8nnnekqfer4y49imcmcszaf,11/23/21,93657.77,,51532.06,28686.95,25108.66,25035.97,72.68,https://www.flickr.com/photos/bridgestoprosperity/51691585100/in/album-72157720210157920/,https://bridges.box.com/s/rdlnfxp8gt93xczmjs624ljwzbm3qe76,https://bridges.box.com/s/q78eml18d06ixo1rspsy5v8xc7opo7pz,https://bridges.box.com/s/cstzomd3mc7kewasab7w93sqghuii72r,https://bridges.box.com/s/5mfhrdw46n8lu3roawl4rmmpsswyshuw,1,https://bridges.box.com/s/b8dqqflvvp3p09b54oazpzmogrje76gu,https://bridges.box.com/s/cahtk3p5x7he6w24s85wm9m3zdq5hjh9,Yes,-2.45195667,29.427665
1007465,Rwangambibi,Complete,Nyamagabe,Suspended Bridge,83,,,8/9/21,11/12/21,1,11/3/21,https://bridges.box.com/s/69up11fvpo5l7qsdk7nboc4kbp42y9is,https://bridges.box.com/s/u8rhqlbehb8p9frq44qtsfbkz3qght01,1,12/22/21,https://bridges.box.com/s/31cp8sxsxb0xxal9wsxo04rymmecrcdh,1,3/11/22,https://bridges.box.com/s/p44htz863rxbvj3ocrirs1sbu9shan7t,1,4/27/22,https://bridges.box.com/s/jpzzuvd5o6hvye9pzvoqh44sijf6y6k8,11/12/21,106003.11,,56701.03,32725.28,23601.5,23706.03,-104.53,https://www.flickr.com/photos/bridgestoprosperity/51690972593/in/album-72157720160928966/,https://www.flickr.com/photos/bridgestoprosperity/51690972573/in/album-72157720160928966/,https://www.flickr.com/photos/bridgestoprosperity/51691594495/in/album-72157720160928966/,https://bridges.box.com/s/aq8rrua64mas8isxzzltz32re6bqen7q,https://bridges.box.com/s/o1zi4y6z0nn30aoe5owe6q94ulozfkve,1,https://bridges.box.com/s/8wnaoyxptq4wb1bpnuzh88g2scl2snsz,https://bridges.box.com/s/2l25hgd9ilj44j572i4fd7gz4owf61ef,Yes,-2.343056,29.4325
1007477,Mugote,Complete,Nyamagabe,Suspended Bridge,60,,,8/9/21,11/9/21,1,11/3/21,https://bridges.box.com/s/g3mydo81rbvjn9fsapfg2kczj847dqtm,https://bridges.box.com/s/5ssw8wkpystrg809lbn54filvc6erh2d,1,12/22/21,https://bridges.box.com/s/pp37haabjufvt4vjmucsydlbl7y8fhr7,1,3/11/22,https://bridges.box.com/s/ii7pl0rhjn1kgtaj12toofcijnj5z388,1,4/27/22,https://bridges.box.com/s/rhp4o7codj2xocousudkj25liobx3pf7,11/23/21,85065.3,,46193.18,25348.72,21793.51,21730.23,63.28,https://www.flickr.com/photos/bridgestoprosperity/51691372699/in/album-72157720157528879/,https://www.flickr.com/photos/bridgestoprosperity/51691583590/in/album-72157720157528879/,https://bridges.box.com/s/xni0tmjoly13uvli2de7p5y9piar5wrx,https://bridges.box.com/s/ut868uqpqatiouh63t0riejye3q6vu4y,https://bridges.box.com/s/u5tmj51juqs75e0qm9mouz8jftglhlw4,1,https://bridges.box.com/s/2caaucp9jz2u0i9064n71h0sl70ad14i,https://bridges.box.com/s/bfopdraxkelbmi6sr5h64n0l6hw6fj47,Yes,-2.4477333,29.41455333
1014011,Nyabihunyira,Complete,Nyamasheke,Suspended Bridge,78,,,3/2/22,5/27/22,1,4/19/22,https://bridges.box.com/s/z1lt1y0bcigqo3bqb8cska18sgpiia7a,https://bridges.box.com/s/rwh4zdba0zdjw9mmjr4ytxrnx3qgdtb7,1,4/27/22,https://bridges.box.com/s/bgrmamwm6q0q1fnvu58y6l6dtfkouf4x,1,6/8/22,https://bridges.box.com/s/07vp10fr17ptm65c0ojizfnkqsayo4nk,1,6/16/22,https://bridges.box.com/s/1u1g7hcxjsuykuegekswdn1fghhfg1yr,5/26/22,98144.27,,50950.82,27126.99,23690.19,23690.19,0,https://bridges.box.com/s/1gdajoewf5f8mngiw6k5h1k2nzn3wla5,https://bridges.box.com/s/nvv1ho5qf0dwye2ad60ox9etlfccz8ed,https://bridges.box.com/s/ngt5wly65jqpmond9do6firpi170xf63,https://bridges.box.com/s/onayixqspqdxt0u0kpq48j0pwic90kcp,https://bridges.box.com/s/5qfx849phdm1ivdvar2o1yda2ntxpx4j,1,https://bridges.box.com/s/isud0uerkyhg6kfs6u0vu3977w8v1fxq,https://bridges.box.com/s/34kw4hgjkyqhnpi33wjjqdv15zgj6r4u,Yes,-2.554196,29.043492
1014052,Munini I,Complete,Karongi,Suspension Bridge,63,,,11/15/21,2/18/22,1,1/20/22,https://bridges.box.com/s/2n6u1vnsuhuljofqfoa3g6fmp693zb66,https://bridges.box.com/s/hw6g0w2gviamp0ccg0z1cmjcecsyqm0e,1,3/3/22,https://bridges.box.com/s/2411tmtl3bvpfg4p6sb4lh5ioe31rwnt,1,3/28/22,https://bridges.box.com/s/d97lfy4pe4d1alzakfpdjt7uc78vs9nn,1,4/26/22,https://bridges.box.com/s/omm39czzqyk4qngk0ti9qf4qy7w0smqb,4/20/22,97195.33,,58822.87,29124.99,23917.56,23818.24,99.33,https://bridges.box.com/s/4sh5974f36awoca3i6fzdcjgkqdxdzny,https://bridges.box.com/s/774roujh2dtn9bdx6zw62i6tqz0f2u3b,https://bridges.box.com/s/enwytl606pld84xf1fepqu0gw54bsf1g,https://bridges.box.com/s/diwc7861te70ua907simxxlx1n6frbl1,https://bridges.box.com/s/b9ij8964jkimj4pyekojuvq9tbb2wu3w,1,https://bridges.box.com/s/krk1n95jycne5sk7unvldko8hbzia8ko,https://bridges.box.com/s/9r3orzz41r1mlr9id70xxxyol3hbkmx1,Yes,-2.18836,29.37793
1012800,Mukaka,Complete,Rulindo,Suspension Bridge,118,,,3/7/22,6/10/22,1,6/1/22,https://bridges.box.com/s/xntc7piqgqwnqnes4eom2fukex2zl5wc,https://bridges.box.com/s/h12s9esva660w5i1ldd1ghbjpe6naerw,1,6/30/22,https://bridges.box.com/s/ycsyhqqdes65xk1658at6opj5njapia2,1,6/15/22,https://bridges.box.com/s/e3sngojsx0edx49udbjdbg3gwk0y8fej,1,9/15/22,https://bridges.box.com/s/mbcw5a6mrk3jhdf8ci5c5ec0s5tkvgfi,6/10/22,136446.25,,8493937,40828.01,38052.37,37779.84,272.53,https://bridges.box.com/s/vk871qi835gngoxqdm7rop8s6zrv5168,https://bridges.box.com/s/kbrz0w8hknv6yffag6k4iarpbtefimbe,https://bridges.box.com/s/ws3i3i4bo9wlqba5227u75q7y3af1sip,https://bridges.box.com/s/116daopzm5sq0odlma96novy3e3r55b9,https://bridges.box.com/s/j3t1jw6hxa5spprx0zdkw4t8yje5uje8,1,https://bridges.box.com/s/azp00sq9t3lajie2l5ninlgg3ev2gcd4,https://bridges.box.com/s/g582jt7chbepmy966w7929nkz2lmf868,Yes,-1.62147,29.96712
1012816,Rurongora,Complete,Nyamagabe,Suspended Bridge,96,,,8/9/21,11/12/21,1,10/20/21,https://bridges.box.com/s/ggo5telzt2pyej9961qf6ty2gqtgvhqc,https://bridges.box.com/s/r4h40sybbnw5fnf5rihwdy1fyfh92u52,1,12/22/21,https://bridges.box.com/s/n5ztn6q7pi55t147zf6q0vnioiahbzre,1,3/11/22,https://bridges.box.com/s/76c9svj1f7fl7eibis3zsebjb424n4iq,1,4/27/22,https://bridges.box.com/s/chq2l18ri24iylsywlt7wjk6e4x4c3oe,11/12/21,103111.58,,51435.41,32160.4,24382.23,24241.78,140.45,https://bridges.box.com/s/k930uz91oaolm7265t1ilc56m3lw69lp,https://bridges.box.com/s/wimksrj7trv7uj4cw3c5wam9wiuo64cy,https://bridges.box.com/s/hhst7jaqtrvdpmht692akpstl085y5ps,https://bridges.box.com/s/1nzth89k6ynxg0554uegbcwd43hwc780,https://bridges.box.com/s/zn9cvw8iqxbxd6m3dtyxcccl1lyp4ajw,1,https://bridges.box.com/s/s5kd8soctom5o33kz0ie5n8k6nib18r1,https://bridges.box.com/s/p6g5ijm02rs9nz50uvfe40m0lmrbld5w,Yes,-2.34152,29.466329
1012952,Rwabagenzi,Complete,Muhanga,Suspension Bridge,78,,,12/2/21,4/30/22,1,1/31/22,https://bridges.box.com/s/en7vs0ulee38s1h2q0ptzpd5wujy6naz,https://bridges.box.com/s/v5lenjm0melguxck6cvizkd7uxerrm5z,1,4/6/22,https://bridges.box.com/s/h2vwf3dcwtjnism448x77yd4fvvwxep1,1,5/13/22,https://bridges.box.com/s/rr8mmcr03frmfdrxxctusovp6ak1xomc,1,6/3/22,https://bridges.box.com/s/3z0l02uzqeudn0vl6c2lm3h1vmzch3lc,4/29/22,111063.9,,64013.66,31765.63,26515.12,21677.61,4837.5,https://bridges.box.com/s/75fulmz9ka72w3jwog5g6et41n4je0ei,https://bridges.box.com/s/vceujdy4dxdf7sqo9v6lfr9ibluc315i,https://bridges.box.com/s/3cjzrkfiz9cfj4i6r1032826n43oyskr,https://bridges.box.com/s/jtf20m1lvm2udak4m4rzyl8ccayol0je,https://bridges.box.com/s/r5fubbi0u3xc5st3d5q859dbco3ed11c,1,https://bridges.box.com/s/zfzczti4xfhmfeo0nsvsnyxqrq8g1ivx,https://bridges.box.com/s/p8omppl17rdq4y2gvisc5esc7jdj9yeg,Yes,-2.042163,29.722419
1013029,Kavumbu,Complete,Nyabihu,Suspended Bridge,68,,,1/10/22,4/1/22,1,3/8/22,https://bridges.box.com/s/nle7flq8fpwv7b7xjmzfe7ldtype4tx5,https://bridges.box.com/s/ybe5eo3kk3jrspqlp6h67pf6np96jtj7,1,6/14/22,https://bridges.box.com/s/kwgih3l8h87kh501cnty7jo1qcvz3p7n,1,4/14/22,https://bridges.box.com/s/djdmd8f4vznq42umqvuqsbhqgcbbpck1,1,6/21/22,https://bridges.box.com/s/j04a4tjw5ej51qgucjtqgp8krwn6rxof,4/1/22,96633.51,,55931.85,29222.13,27654.85,24651.52,3003.33,https://bridges.box.com/s/jpy9ad08qhdglt8v9vhnhra8f455kesz,https://bridges.box.com/s/p3ud0stv8wwdte7pdno1fvs1unilart9,https://bridges.box.com/s/c10yjhqkkv9oiatpe85kkzxgv94hn8dd,https://bridges.box.com/s/vbrres53is2mcs9gw1wqee0cauai73h3,https://bridges.box.com/s/gsy3g65o4036w2rsyqb5mdxrnxf3y185,1,https://bridges.box.com/s/mzhcc1esas5z5x6gr9nhqmqa0ge93lsq,https://bridges.box.com/s/iw6yfhpos3mmrwxdpi3h0pvq52zyg6a9,Yes,-1.67069,29.46836
1013215,Kanserege,Complete,Nyamagabe,Suspended Bridge,92,,,8/9/21,11/27/21,1,10/20/21,https://bridges.box.com/s/d19d5c1359044gtpdlsjjank3iytexqq,https://bridges.box.com/s/ua8nvooa2irplyv513bt3u9kv7e23zf8,1,12/22/21,https://bridges.box.com/s/jcs1fviwg6a20dnt5yk4jx769jcyxf33,1,3/11/22,https://bridges.box.com/s/oi906wtvqe5r1dnib3c9yd9jpeyd8usa,1,5/17/22,https://bridges.box.com/s/bx55ba9bcwvibwi1o5wn2kslfrrbfr0q,11/23/21,107041.74,,61922.1,26956.24,20687,19937.76,749.24,https://bridges.box.com/s/h96xdme2s4jlcaimouvrc21w8b8esw90,https://bridges.box.com/s/7y8689j5wk8w5fsxs68cl7aew7pwbyij,https://bridges.box.com/s/rnk81maeeakw15o5rt7ap0ovpgua0vfo,https://bridges.box.com/s/a0a2ro383f5yjqiatmyllye1bti7olb7,https://bridges.box.com/s/48s4ul0woq8428emffvgvxuy2fp8frjj,1,https://bridges.box.com/s/bxv1b2uv15rgak71dm9ukut5kahpcvbl,https://bridges.box.com/s/tq5si0zgn5wwxhhbgtj350p1d1ocz3kd,Yes,-2.5265,29.510023
1013225,Sovu,Complete,Nyamagabe,Suspended Bridge,43,,,8/9/21,11/8/21,1,10/15/21,https://bridges.box.com/s/qahp66riswl4klkx9kmfqer81x4dwr9j,https://bridges.box.com/s/5482za4iwlqwz8inxpuel8772d9cb989,1,12/22/21,https://bridges.box.com/s/hihvnp1318xl4xj4zxax3nok7gjgffza,1,3/11/22,https://bridges.box.com/s/fopeu41conx32ouy63uufojxc2s09ypb,1,4/27/22,https://bridges.box.com/s/kwsko8ena1b71co1ah1ta97d4appdi4s,11/11/21,74709.07,,33985,22798.73,18664.44,18950.47,-286.03,https://www.flickr.com/photos/bridgestoprosperity/51690707566/in/album-72157720167831432/,https://www.flickr.com/photos/bridgestoprosperity/51691597015/in/album-72157720167831432/,https://www.flickr.com/photos/bridgestoprosperity/51691386049/in/album-72157720167831432/,https://bridges.box.com/s/d3zexs7r2scvym76gsttqz3cevuu83hj,https://bridges.box.com/s/kxpru9imjgyjg147sd67fjnqamzi8fz6,1,https://bridges.box.com/s/s9lyoq0a4inmeuclwedemob89f2li5nj,https://bridges.box.com/s/bk36m9tl11rqi7zoonkzhr95g6x4lnmc,Yes,-2.510714,29.53571
1013256,Kwa Rukeratabaro,Complete,Muhanga,Suspended Bridge,57,,,11/15/21,3/4/22,1,1/20/22,https://bridges.box.com/s/i4hcur8u1ahxxll721bxn7c5jxwoscf1,https://bridges.box.com/s/09319i3eja2ti8jvmo7kbzt2bkye82l6,1,4/6/22,https://bridges.box.com/s/kt6fq4w2dzgnstydtgsmcun1yxim8r3r,1,3/25/22,https://bridges.box.com/s/7gx37u4j7u20u7e0xsyp6b665azqo3qs,1,4/13/22,https://bridges.box.com/s/21pwto48mcm1mx3wyz2xdrt49tykdumg,3/10/22,88012.24,,12257.79,26185.47,20075.64,16408.25,3667.39,https://bridges.box.com/s/hlllibedso4opioiue328r7fvn9nl8i1,https://bridges.box.com/s/irf2w3qo6micgjgje868duwwxthlm9yg,https://bridges.box.com/s/ur4pnjf4tqmgqu3bordw2rsrpemeyrfq,https://bridges.box.com/s/6fyjg78ch56jjv4os2teguk3y78r2akc,https://bridges.box.com/s/b2siv58yrj1273ruba9l1fkk6hldajsc,1,https://bridges.box.com/s/6v83zk451e7unyvg0wjb4yeocjpk7xnf,https://bridges.box.com/s/9dg099upqh7fhaqszjbntwwxa5mt20ad,Yes,-1.838472,29.684286
1013422,Rwasa,Complete,Nyamagabe,Suspended Bridge,70,,,8/9/21,11/5/21,1,10/28/21,https://bridges.box.com/file/892451916635?s=8dz0p8v2xqu2074jgz8pfjxb3lmpuzu3,https://bridges.box.com/s/wtpi28ftodj7jr1hetgaj4njbx20h1rx,1,12/22/21,https://bridges.box.com/s/n3v1qyie8az6m2pji4yfmrdydx5pq77d,1,3/11/22,https://bridges.box.com/s/xmgni7wqtrmdcjp0xd94s2dnp3n1ahnn,1,4/27/22,https://bridges.box.com/s/jh9zk5wxcoxc9g119e1otfu1fqprz0ce,11/11/21,93847.06,,45852.97,27696.4,21184.29,20748.8,435.5,https://www.flickr.com/photos/bridgestoprosperity/51690973553/in/album-72157720167828122/,https://www.flickr.com/photos/bridgestoprosperity/51689910287/in/album-72157720167828122/,https://www.flickr.com/photos/bridgestoprosperity/51691595415/in/album-72157720167828122/,https://bridges.box.com/s/w7qyuzaorc5lggd95n5xj8i1isai7tht,https://bridges.box.com/s/vsiipnc1rkb8rxyztkxs3i2uhnd1sy0i,1,https://bridges.box.com/s/srlji7fyu0lj0m6enn1a28yv5520danw,https://bridges.box.com/s/d5wzaexw7xhpskhxqtchsmrurbec74vq,Yes,-2.41763333,29.555675
1013461,Nyabiyonga,Complete,Ngororero,Suspended Bridge,70,,,9/6/21,12/15/21,1,11/22/21,https://bridges.box.com/s/0t5b3iyqfu3cxvu5mpvhi96xpdhtktn1,https://bridges.box.com/s/c1007zmzbygjqy4r1tf4ruzuk6atejez,1,12/13/21,https://bridges.box.com/s/tw9tg33mfule5det1zqk13p25u1rybr3,1,1/11/22,https://bridges.box.com/s/a37ol5ne7phy8fpxuf67j91e2zdn0wb4,1,4/13/22,https://bridges.box.com/s/vpp39vkpj53fo85ltph86fp1wpyc7bre,12/17/21,91891.17,,45982.83,25515.62,18762.63,16779.21,1983.42,https://www.flickr.com/photos/bridgestoprosperity/51688615915/in/album-72157720163488507/,https://bridges.box.com/s/fzqxgwjx326tzwbni28ue0nb2twla8hm,https://bridges.box.com/s/y5dzrt9zxwokc8pbqqyw72led88jhamb,https://bridges.box.com/s/hfwlft79dlui1sfnghb4h7rgeye3bpx8,https://bridges.box.com/s/cuu8laz00uw0wc49o2v6uburrnppm0mu,1,https://bridges.box.com/s/a0gnsr2rwl2rjrdbw194kc3cbqpyjrpk,https://bridges.box.com/s/yci4qnzj06qgok1sbvmt2fp2vzccfo0y,Yes,-1.94216,29.55835
1013583,Munanira,Complete,Nyamagabe,Suspended Bridge,62,,,2/14/22,10/7/22,1,6/6/22,https://bridges.box.com/s/phv0m950glwvhwd82cfuh2u0chtpyg10,https://bridges.box.com/s/w9zwzgtwm9mrmbm81yi154cpbwub2sgd,1,6/30/22,https://bridges.box.com/s/km94olotrz8m8b6l47zd4xe1dydudx8e,0,12/16/22,,0,,,10/14/22,83231.43,,,33082.84,28319.98,14891.56,13428.42,https://bridges.box.com/s/4rfph56nu8gyrzor26rr9zmf7b7jqefe,https://bridges.box.com/s/wqtd39wl5isd27em827luk5au8dtdosz,https://bridges.box.com/s/7o4z2xuugtg5q9cco3nwdsrrigjoek3g,https://bridges.box.com/s/df9ym1nfpp7pgohshgs8oopudzomyskx,https://bridges.box.com/s/uz57256eiczy16gd7qpcil8bg1xttn5m,1,,,Yes,-2.396316,29.577776
1013721,Mugaseke,Complete,Nyamasheke,Suspended Bridge,65,,,11/15/21,2/15/22,1,1/20/22,https://bridges.box.com/s/957djcjnpoqhg1o6uxv6ke7fy9obk2lf,https://bridges.box.com/s/89xj1v1rc3k2bpotsgqem267613u4gm0,1,2/4/22,https://bridges.box.com/s/017ztg9q6bqu18a53c8jrkkbzi15oft8,1,3/17/22,https://bridges.box.com/s/9llbq78wymtxtz0ubjmw69moyt41sfoi,1,3/23/22,https://bridges.box.com/s/xar0tq5adgiqo8lyrqpirm4wemol82iw,2/22/22,92546.61,,42094.43,25542.94,17665.92,17630.65,35.27,https://bridges.box.com/s/097fcjv8gzxh2nqe36gsqigqz0fw0288,https://bridges.box.com/s/e3d94k8s8mbfo93es8h5y983zpq8mmzz,https://bridges.box.com/s/wrjfhw5oea51lq83id1yogjvnif8yx91,https://bridges.box.com/s/wqt7j4j2h5kj70chsr8357sqx27ghnwu,https://bridges.box.com/s/a5apdeftmogdwykkn1qg805ix0bhmi0w,1,https://bridges.box.com/s/axzzii1l7w5ggf31r6i16qt2u082269i,https://bridges.box.com/s/cxv63w5ig42g0e30uh7q1qperwae1ink,Yes,-2.216836,29.283703
1013776,Matyazo,Complete,Karongi,Suspended Bridge,90,,,2/22/22,5/27/22,1,4/19/22,https://bridges.box.com/s/yz7ggnyeyibroxww9sgz22gv8b7imy93,https://bridges.box.com/s/tefkjdmenn4mgywggd6gpam8x8457hbi,1,9/13/22,https://bridges.box.com/s/usqj0rwpjv5k3ip62f40ajb8cejwg5xz,1,6/8/22,,1,10/14/22,https://bridges.box.com/s/a8r6fobgyusb67jogneimkjcyh47dlns,5/26/22,102678.69,,,30482.27,24080.02,23614.06,465.96,https://bridges.box.com/s/g9wakqw67yfxvs4wg5xwhv8l7o7dkvnl,https://bridges.box.com/s/wzlw00yybpsi62x93akdb71k6dvfmohn,https://bridges.box.com/s/ka0swzvoudu8jafgrcd1pedryte0jkzd,https://bridges.box.com/s/duvobqp7r7mtiozsyb1amo6o6ymuxicn,https://bridges.box.com/s/lb10c71trp4nn27r3wztphkethpc2rjl,1,,,Yes,-2.06165,29.39508
1013867,Kagarama,Complete,Karongi,Suspended Bridge,70,,,11/22/21,2/18/22,1,1/20/22,https://bridges.box.com/s/p2euba9av67qauel8gh6fno91sxotxnd,https://bridges.box.com/s/0rtr5trozh6un3j0c40fr5vm95kjk7du,1,3/3/22,https://bridges.box.com/s/1wcjaj9ka28bcuoi6cxtasu04qno3san,1,3/28/22,https://bridges.box.com/s/q85vhoe9ds2mge7psuz3ngpjhqfo2tst,1,6/16/22,https://bridges.box.com/s/0inyieujk6wnba8u5mksngk23k7e0ydq,4/22/22,88129.01,,47972.56,26573.05,21084.17,20958.72,125.46,https://bridges.box.com/s/o8ou808oqx45mavqbhfnp6vy0ou7nm9u,https://bridges.box.com/s/wuf10dv36xuuwffcramce9gvawjohhea,https://bridges.box.com/s/28ufhozw41e1batkvqn1plyiwzug1bx0,https://bridges.box.com/s/nqvlgve6xh2alsm6bjaxmkm342ccchz1,https://bridges.box.com/s/fpsyr2mlbb1zutrjk98lz942r2mu23u3,1,https://bridges.box.com/s/tkgtn6ly0p963ziqk58ruuj415sn97x9,https://bridges.box.com/s/07t1ct6b08nesroxuxw3pz5mv1pa4f4v,Yes,-2.13838,29.33504
1013894,Gasihe,Complete,Nyamasheke,Suspended Bridge,92,,,11/15/21,2/23/22,1,1/20/22,https://bridges.box.com/s/rxunbm1cj8jzhs75mirsornwgoq3yvba,https://bridges.box.com/s/q4pxzt3o1e0m7v3wywcyxfc60t43vccn,1,2/4/22,https://bridges.box.com/s/e9nl8ehoa340r5ntgj1old7ld3dn66a9,1,3/17/22,https://bridges.box.com/s/ad0z2y04qrvd3k88tgy4fgsdai91knt8,1,3/23/22,https://bridges.box.com/s/s4nj2yq7t9qfmpjmhc5yfba2394lw46i,2/22/22,105698.25,,53215.94,29100.14,20140.73,20098.82,41.91,https://bridges.box.com/s/35ol1gdzgxybli4xyq9whop0n3midekb,https://bridges.box.com/s/0n14bcwnvn2a5igp58x05eaz0ezko839,https://bridges.box.com/s/0n14bcwnvn2a5igp58x05eaz0ezko839,https://bridges.box.com/s/xgauwwvmso1jxsqh1k2sjuoasbid987p,https://bridges.box.com/s/x0bp1j33piqlf75cnrm06gdfu8blgs6e,1,https://bridges.box.com/s/eqkgc68id30kp4uzmmuqd7f2pcgc6ctp,https://bridges.box.com/s/c814qivyre9g3bkvvp5fwzopfdozxcbz,Yes,-2.360876,29.157374
1013899,Kamatsira,Complete,Nyamasheke,Suspended Bridge,57,,,11/10/21,2/21/22,1,1/20/22,https://bridges.box.com/s/1gfyh4lb3rhio6yjuc6kiaewvoor85zv,https://bridges.box.com/s/tnockeavx8zaf8kgvnaq4pn4b8ky95x0,1,2/4/22,https://bridges.box.com/s/c4m0srn31qqxg96588bo7o80ay0s7ztc,1,3/17/22,https://bridges.box.com/s/btc5q0efaxya45251q94mabgjccaxjbl,1,3/23/22,https://bridges.box.com/s/4oqy8jevfjhibcdfq4uxjl31smm5xfgr,2/22/22,88803.28,,42843.29,23479.7,17474.52,17442.25,32.27,https://bridges.box.com/s/k09jec5hjws3dofk469ubfi1584mhao3,https://bridges.box.com/s/rcpuxn2zir5lp089gvuftr8iz0f1b94y,https://bridges.box.com/s/002ij46e7vebvfjo5b5vrphizc0m2wus,https://bridges.box.com/s/4c9qrhkdg53ubehk9fji17kwuqr82ir2,https://bridges.box.com/s/v4jyxrr2nktxxms1n3wtl20uivsk3rmu,1,https://bridges.box.com/s/wwhisdqynasoeustb6tahuejhkxe16wk,https://bridges.box.com/s/j2zfuy5un5ntcrn6wutz2l5fm6vwk19r,Yes,-2.407594,29.163424
1007672,Rutanzogera,Under Construction,Rutsiro,Suspended Bridge,82,,,10/17/22,1/21/23,0,,,https://bridges.box.com/s/2j421dnwq8q9hs8flef56frriqtp3rwl,0,,,0,,,0,,,,0,,,0,0,0,0,,,,https://bridges.box.com/s/vj05nkyn6twe0wgx6i2liyywno3donh3,,1,,,,-1.957,29.531833
1009280,Nyaruhombo,Complete,Huye,Suspended Bridge,127,,,7/18/22,10/10/22,1,9/13/22,https://bridges.box.com/s/pdk1bv7hji2h6jgi4g500sr7fvhqrsu3,https://bridges.box.com/s/t8ztyswdbvuvamcm0sfeodkmy05vmugg,0,,,1,12/1/22,https://bridges.box.com/s/3v9aiecj66rhfei9po0blguoekkfx78zhttps://bridges.box.com/s/3v9aiecj66rhfei9po0blguoekkfx78z,0,,,10/13/22,0,,,0,51639.1,0,51639.1,https://bridges.box.com/s/d1c3fabcfdghydrfgrnqujw4zk6z8jd1,https://bridges.box.com/s/o3qx7jf0jo2b7c2ysk08aj6qyvctx194,https://bridges.box.com/s/c34jhvcavqmzo5bk9jlqrsgl5q9wdfl0,https://bridges.box.com/s/7g3fe1419zbkoqq85g4h844vvn3y4bja,https://bridges.box.com/s/bx1ruabekm72xwlrk5qv6pxgvi9j5lxm,1,,,,-2.41201,29.67439
1012004,Rusayo,Under Construction,Rutsiro,Suspended Bridge,108,,,10/17/22,1/31/23,0,,,https://bridges.box.com/s/fv73ky7di4y5vgez29rwdu6lt1yt1vsp,0,,,0,,,0,,,,0,,,0,0,0,0,https://bridges.box.com/s/kx2stw37mrh38v7ocflvgxg3358z6yi4,,,https://bridges.box.com/s/vj05nkyn6twe0wgx6i2liyywno3donh3,,1,,,,-1.96222,29.461388
1012830,Kamushi,Under Construction,Nyanza,Suspension Bridge,85,,,10/13/22,1/14/23,0,7/3/23,,,0,,,0,,,0,,,,0,,,0,0,0,0,https://bridges.box.com/s/2xrnsez6bojel85g1redxj763nhiyawa,,,https://bridges.box.com/s/fbtdyafhx736uz9zzas1dabf5b7r3rro,,1,,,Yes,-2.33542,29.67251
1012956,Ruhunde,Complete,Muhanga,Suspended Bridge,65,,,9/12/22,12/6/22,1,10/28/22,https://bridges.box.com/s/rwb684rpht2dwbwtzvsfar8wjfg43aut,https://bridges.box.com/s/d7vfibl3vsr3hvsydi7olex8olzq07xb,0,,,0,,,0,,,,0,,,0,11932.49,0,11932.49,https://bridges.box.com/s/vfz5gduzbbzlc8jvyxj8sxpl04hgsba1,,,https://bridges.box.com/s/8ona11w2ci4goii3hekscmyazlz6jxad,https://bridges.box.com/s/rbmn3yv37y3go61fs3gijldnysxgc23w,1,,,Yes,-1.77785489,29.67587526
1013263,Shyagari,Complete,Muhanga,Suspended Bridge,80,,,8/29/22,11/25/22,1,10/27/22,https://bridges.box.com/s/kiwluseq8auli03w9ywlzw65ieet1wqi,https://bridges.box.com/s/w56fdr4c426jlsdkn2al0rnzxne071gy,0,,,0,,,0,,,,0,,,0,12164.05,0,12164.05,https://bridges.box.com/s/uixc2bso0sldud7caoc4nluvmoi2uiod,,,https://bridges.box.com/s/f6wb682u2uwrifpfs49snlswh8ndth53,https://bridges.box.com/s/i0vhg0429eqw80o9xxmc0f3gcg4172k9,1,,,Yes,-2.003951,29.675447
1013626,Bahimba,Under Construction,Rutsiro,Suspended Bridge,64,,,10/24/22,2/9/23,0,,,https://bridges.box.com/s/189vya9mjy03om7qjnd47bh33112w52n,0,,,0,,,0,,,,0,,,0,0,0,0,https://bridges.box.com/s/ts8mswofolktclmec4tm1vj7i6zwwjkh,,,https://bridges.box.com/s/b6zoj8dkxyiiq41t7bfs4btpq1ieysv4,,1,,,,-1.7628,29.30777
1013639,Bukungu,Under Construction,Rutsiro,Suspended Bridge,48,,,10/17/22,1/23/23,0,,,https://bridges.box.com/s/ipskyx1uzlivridcqsgwf1c916po29fc,0,,,0,,,0,,,,0,,,0,0,0,0,,,,https://bridges.box.com/s/2036z6fpk09zy2rd1340yheu8ecsv0ur,,1,,,,-1.80495,29.30452
1013806,Sare,Complete,Gisagara,Suspended Bridge,88,,,4/27/22,7/22/22,1,6/14/22,https://bridges.box.com/s/vwar8w3amf7nyplrs5v5zbe1ynaby9uf,https://bridges.box.com/s/kv1k7m0mwiilixe4k86xkep3pyuyyjm0,0,,,1,8/29/22,https://bridges.box.com/s/4hl53t6ju2pc5yt7jimx1tahub6sb66w,1,10/12/22,https://bridges.box.com/s/lpnbdxbbcflg7hov5ybzmhf212l9gdj6,,103966.99,,,30801.62,25097.31,20269.17,4828.13,https://bridges.box.com/s/l74soe9r5fmtffww5vaq03kynfqyh84f,,,https://bridges.box.com/s/awvc94puprfet97dc6f5hq83ggzu39jr,,1,,,Yes,-2.7975,29.697972