Opportunity Name,Stage,Fiscal Year,Randomized Order,Research Initiative,Bridge Name,latitude,longitude,Level 1 Government,Level 2 Government,Level 3 Government,Level 4 Government,Sub-Stage,Individuals Directly Served,Bridge Type,Span (m),Ground Breaking Date,Close Date,CaseSafeID,Project Code
Rwanda - Bahimba - 1013626,Under Construction,2023,9,Rwanda Full Scale Research - Randomized and Baselined - Intervention,Bahimba,-1.7628,29.30777,Western Province,Rutsiro,Kivumu,Kabere/burambo,,,Suspended Bridge,64,10/24/22,2/9/23,006f100000d7iQBAAY,1013626
Rwanda - Banga - 1012550,Identified,2025,18,Rwanda Full Scale Research - Randomized and Baselined - Intervention,Banga,-1.6897222,29.80888,Northern Province,Gakenke,Gakenke-Minazi,Ndora-mutara,Requested,600,,,,12/31/24,006f100000dhpEmAAI,1012550
Rwanda - Bibumba - 1013275,Confirmed,2023,5,Rwanda Full Scale Research - Randomized and Baselined - Intervention,Bibumba,-2.2794,29.8712,Southern Province,Nyanza,Kigoma - Ntongwe,Murinja - Kareba,,3152,Suspension Bridge,140,10/11/22,2/17/23,006f100000d7678AAA,1013275
Rwanda - Biseke - 1013374,Rejected,2023,8,Rwanda Full Scale Research - Randomized and Baselined - Long Term Control,Biseke,-1.66137,29.50069,Western Province,Nyabihu,Karago,Gihirwa,,8766,,,,10/17/22,006f100000d7GroAAE,1013374
Rwanda - Bisheke - 1007508,Rejected,2019,13,Rwanda Full Scale Research - Randomized and Baselined - Long Term Control,Bisheke,-2.280762,29.206295,Western Province,Nyamasheke,Macuba - Kirinda,Mutongo~ Muhororo,Technical,2338,,,,12/31/18,006f100000a86FkAAI,1007508
Rwanda - Bishenge (Masuma) - 1012983,Confirmed,2023,18,Rwanda Full Scale Research - Randomized and Baselined - Intervention,Bishenge (Masuma),-2.345908,29.409702,Southern Province,Nyamagabe,Nkomane,Mutengeli,,2818,Hybrid Suspension Bridge,68,1/5/23,3/27/23,006f100000d6wIKAAY,1012983
Rwanda - Bizenga - 1014138,Prospecting,2025,8,Rwanda Full Scale Research - Randomized and Baselined - Intervention,Bizenga,-2.33616,29.1422,Western Province,Nyamasheke,Kanjongo,Kibogora-kigarama,,6067,Truss Bridge,24,,12/31/24,006f100000d1hIkAAI,1014138
Rwanda - Bukomeye - Taba - 1007380,Complete,2023,2,Rwanda Full Scale Research - Randomized and Baselined - Intervention,Bukomeye - Taba,-2.66052,29.74644,Southern Province,Huye,Mukura,Rango A,In Service,3581,Suspension Bridge,116,7/18/22,10/17/22,006f100000a86DgAAI,1007380
Rwanda - Bukoro - 1014129,Prospecting,2024,10,Rwanda Full Scale Research - Randomized and Baselined - Intervention,Bukoro,-2.61265,29.50877,Southern Province,Nyaruguru,Ruramba_Kivu,Gabiro_Kivu,,4359,Suspended Bridge,75,12/1/23,3/8/24,006f100000d1hGAAAY,1014129
Rwanda - Bukungu - 1013639,Under Construction,2023,8,Rwanda Full Scale Research - Randomized and Baselined - Intervention,Bukungu,-1.80495,29.30452,Western Province,Rutsiro,Kigeyo,Buhindure,,6052,Suspended Bridge,48,10/17/22,1/23/23,006f100000d7iU8AAI,1013639
Rwanda - Bunyonga 1 - 1014322,Complete,2023,2,Rwanda Full Scale Research - Randomized and Baselined - Intervention,Bunyonga 1,-1.934919,29.819397,Southern Province,Kamonyi,Karama,Bunyonga,In Service,2423,Suspended Bridge,54,5/16/22,9/23/22,006f100000eesd5AAA,1014322
Rwanda - Buranga - 1007356,Rejected,2019,8,Rwanda Full Scale Research - Randomized and Baselined - Long Term Control,Buranga,-1.639722,29.784722,Northern Province,Gakenke,Nemba,,Technical,2958,,,,12/31/18,006f100000a86DIAAY,1007356
Rwanda - Cyabami (Kwa Anamariya) - 1013233,Complete,2023,1,Rwanda Full Scale Research - Randomized and Baselined - Intervention,Cyabami (Kwa Anamariya),-1.60834,29.8911,Northern Province,Burera,Nemba,Kadehero,In Service,2554,Suspended Bridge,56,5/24/22,9/9/22,006f100000d7608AAA,1013233
Rwanda - Cyahafi - 1013456,Rejected,2019,5,Rwanda Full Scale Research - Randomized and Baselined - Long Term Control,Cyahafi,-1.92556,29.60749,Western Province,Ngororero,Bwira sector,Cyahafi village ( Cyahafi cell ) - Kabirizi village ( ruhindage cell ),Technical,3620,,,,12/31/18,006f100000d7Pr6AAE,1013456
Rwanda - Cyarera - 1007528,Complete,2023,1,Rwanda Full Scale Research - Randomized and Baselined - Intervention,Cyarera,-2.29248,29.61608,Southern Province,Nyanza,Cyabakamyi-Musange,Karama - Gasagara,In Service,1967,Suspension Bridge,150,7/11/22,10/14/22,006f100000a86G4AAI,1007528
Rwanda - Gacumbi - 1013567,Rejected,2020,1,Rwanda Full Scale Research - Randomized and Baselined - Long Term Control,Gacumbi,-2.26295,29.189909,Western Province,Nyamasheke,Kirimbi,Muhororo,Technical,1888,Suspension Bridge,46,,7/2/20,006f100000d7b6QAAQ,1013567
Rwanda - Gakoyi - 1013654,Identified,2025,4,Rwanda Full Scale Research - Randomized and Baselined - Intervention,Gakoyi,-1.85437,29.28597,Western Province,Rutsiro,Bushonyi,Kaguriro,Requested,660,,,,12/31/24,006f100000d7iXbAAI,1013654
Rwanda - Gasasa - 1013460,Complete,2021,4,Rwanda Full Scale Research - Randomized and Baselined - Intervention,Gasasa,-1.95373,29.54198,Western Province,Ngororero,Bwira - Sovu,Gasasa village ( GASHUBI cell ) - Ruganda village ( Kanyana  cell ),In Service,4053,Suspended Bridge,45,2/22/21,5/19/21,006f100000d7PrQAAU,1013460
Rwanda - Gaseke - 1013747,Identified,2019,3,Rwanda Full Scale Research - Randomized and Baselined - Long Term Control,Gaseke,-1.66082,30.05076,Northern Province,Rulindo,Kisaro,Gitatsa-Kigarama,,4830,,,,12/31/18,006f100000d7kjZAAQ,1013747
Rwanda - Gasharu - 1012831,Confirmed,2023,6,Rwanda Full Scale Research - Randomized and Baselined - Intervention,Gasharu,-2.31422,29.69336,Southern Province,Nyanza,Rwabicuma - Cyabakamyi,Cyerezo - Nyabinyenga,,3531,Suspended Bridge,45,3/20/23,6/24/23,006f100000d6mYGAAY,1012831
Rwanda - Gasharu - 1014069,Complete,2021,2,Rwanda Full Scale Research - Randomized and Baselined - Intervention,Gasharu,-2.13333,29.3625,Western Province,Karongi,Rwankuba sector,Gasharu village- Wingwa village & Kigogwe village ( all villages are  in Nyarusanga cell ),In Service,3021,Suspended Bridge,48,7/2/20,6/8/21,006f100000d1fTFAAY,1014069
Rwanda - Gashasho - 1007600,Complete,2023,6,Rwanda Full Scale Research - Randomized and Baselined - Intervention,Gashasho,-1.71333,29.3925,Western Province,Rubavu,Kanama,Karambo/ndongoshoru,In Service,1013,Suspended Bridge,62,8/15/22,11/4/22,006f100000a86HEAAY,1007600
Rwanda - Gasihe - 1013894,Complete,2022,5,Rwanda Full Scale Research - Randomized and Baselined - Intervention,Gasihe,-2.360876,29.157374,Western Province,Nyamasheke,Kanjongo,Raro,In Service,2762,Suspended Bridge,92,11/15/21,2/23/22,006f100000d88IbAAI,1013894
Rwanda - Gasugi - 1007570,Prospecting,2024,17,Rwanda Full Scale Research - Randomized and Baselined - Intervention,Gasugi,-2.69743,29.43339,Southern Province,Nyaruguru,Nyabimata,Ruhinga,,5413,,,1/27/24,5/1/24,006f100000a86GkAAI,1007570
Rwanda - Gihemvu - 1014150,Prospecting,2024,6,Rwanda Full Scale Research - Randomized and Baselined - Intervention,Gihemvu,-2.70081,29.492137,Southern Province,Nyaruguru,Nyabimata_Muganza,Gihemvu-Muganza,,3969,Suspended Bridge,94,1/9/24,3/31/24,006f100000d1hNQAAY,1014150
Rwanda - Gihinga - 1007637,Prospecting,2023,13,Rwanda Full Scale Research - Randomized and Baselined - Intervention,Gihinga,-1.75328,30.01969,Northern Province,Rulindo,Cyinzuzi,KIDOGO,,,Suspended Bridge,110,1/30/23,4/19/23,006f100000a86HpAAI,1007637
Rwanda - Gihororo - 1010427,Prospecting,2023,1,Rwanda Full Scale Research - Randomized and Baselined - Intervention,Gihororo,-2.12117,29.6109,Southern Province,Ruhango,kinihira,Bweramvura,,1408,Suspension Bridge,120,4/24/23,6/30/23,006f100000bh0JKAAY,1010427
Rwanda - Gisiza - 1013898,Under Construction,2023,14,Rwanda Full Scale Research - Randomized and Baselined - Intervention,Gisiza,-2.353335,29.147336,Western Province,Nyamasheke,Kanjongo,Raro~ Gako,,3100,Suspended Bridge,88,10/17/23,1/27/23,006f100000d88KhAAI,1013898
Rwanda - Gisizi - 1014318,Prospecting,2023,9,Rwanda Full Scale Research - Randomized and Baselined - Intervention,Gisizi,-1.870868,29.877686,Southern Province,Kamonyi,Kayenzi,"Kirwa, Marembo",,6357,Suspended Bridge,37,4/17/23,6/30/23,006f100000eescbAAA,1014318
Rwanda - Gitaba - 1013547,Rejected,2019,11,Rwanda Full Scale Research - Randomized and Baselined - Long Term Control,Gitaba,-1.77412,29.57416,Western Province,Ngororero,Kabaya,Bukonde village ( Nyenyeri cell ) - Gitaba village ( Busunzu cell ),Technical,4606,,,,12/31/18,006f100000d7azKAAQ,1013547
Rwanda - Gitinda - 1007453,Rejected,2023,7,Rwanda Full Scale Research - Randomized and Baselined - Long Term Control,Gitinda,-1.70215,29.51309,Western Province,Nyabihu,Rambura-Mulinga,Kibisabo_Rwantobo,Technical,1051,,,,10/17/22,006f100000a86ErAAI,1007453
Rwanda - Gitovu - 1007649,Complete,2023,2,Rwanda Full Scale Research - Randomized and Baselined - Intervention,Gitovu,-1.622647,29.890423,Northern Province,Rulindo,Base-Cyungo,Rwamahwa/ Cyungo,In Service,2155,Suspended Bridge,75,7/11/22,10/8/22,006f100000a86I1AAI,1007649
Rwanda - Gitwa - 1007340,Complete,2021,7,Rwanda Full Scale Research - Randomized and Baselined - Intervention,Gitwa,-1.738888,29.755277,Northern Province,Gakenke,Mataba-minazi,Gitwa/gitwa-nyundo/mwanza,In Service,2860,Suspended Bridge,52,5/1/21,6/30/21,006f100000a86D2AAI,1007340
Rwanda - Hanika - 1013350,Complete,2023,15,Rwanda Full Scale Research - Randomized and Baselined - Intervention,Hanika,-1.97717889,29.67449787,Southern Province,Muhanga,Mushishiro - Rugendabari,Hanika village ( Rukaragata cell  ) - Nyagasozi  village ( Gasave cell ),In Service,4970,Suspended Bridge,98,9/19/22,11/24/22,006f100000d7EZMAA2,1013350
Rwanda - Kabingo1 - 1014099,Complete,2023,2,Rwanda Full Scale Research - Randomized and Baselined - Intervention,Kabingo1,-2.588367,29.095324,Western Province,Rusizi,Butare,Gatereri/nyakibanda,In Service,6500,Suspended Bridge,98,6/20/22,10/6/22,006f100000d1fWJAAY,1014099
Rwanda - Kabuga (Fukwe) - 1014329,Rejected,2019,1,Rwanda Full Scale Research - Randomized and Baselined - Long Term Control,Kabuga (Fukwe),-1.872181,29.92942,Southern Province,Kamonyi,Ngamba,Kabuga,Technical,6500,,,,12/31/18,006f100000eesiUAAQ,1014329
Rwanda - Kabuga - 1013762,Complete,2023,4,Rwanda Full Scale Research - Randomized and Baselined - Intervention,Kabuga,-1.820233,30.013769,Northern Province,Rulindo,Murambi-Ngoma,Mvuzo-Munyarwanda,In Service,1462,Suspended Bridge,40,7/11/22,10/8/22,006f100000d7ktAAAQ,1013762
Rwanda - Kabutimbo - 1015693,Complete,2021,2,Rwanda Full Scale Research - Randomized and Baselined - Intervention,Kabutimbo,-1.621187,29.660569,Northern Province,Gakenke,Rusasa,Rurembo - kamonyi,In Service,1280,Suspended Bridge,55,3/29/21,6/28/21,006f100000fHqCoAAK,1015693
Rwanda - Kadasaya - 1014312,Identified,2025,10,Rwanda Full Scale Research - Randomized and Baselined - Intervention,Kadasaya,-2.041621,29.930816,Southern Province,Kamonyi,Rugalika,Bihembe,Requested,,,,,12/31/24,006f100000eeqs4AAA,1014312
Rwanda - Kaduha - 1014039,Prospecting,2023,8,Rwanda Full Scale Research - Randomized and Baselined - Intervention,Kaduha,-2.234305,29.436305,Western Province,Karongi,Ruganda-Mutuntu,Nyamugwagwa-Murengezo(Kaduha-Karambo),,5357,Suspended Bridge,77,3/15/23,6/12/23,006f100000d1fNWAAY,1014039
Rwanda - Kagarama - 1013226,Identified,2023,15,Rwanda Full Scale Research - Randomized and Baselined - Long Term Control,Kagarama,-2.52151722,29.5878311,Southern Province,Nyamagabe,Kamegeri,Kizi-Gasumba,Requested,3709,Suspended Bridge,,3/28/23,6/2/23,006f100000d75zZAAQ,1013226
Rwanda - Kagarama - 1013867,Complete,2022,6,Rwanda Full Scale Research - Randomized and Baselined - Intervention,Kagarama,-2.13838,29.33504,Western Province,Karongi,Mubuga sector,Kagarama village ( kagabiro  cell )- jurwe village ( ryaruhanga cell ),In Service,3886,Suspended Bridge,70,11/22/21,2/18/22,006f100000d8890AAA,1013867
Rwanda - Kamabuye - 1013011,Confirmed,2023,3,Rwanda Full Scale Research - Randomized and Baselined - Intervention,Kamabuye,-2.30024,29.6845,Southern Province,Nyanza,Cyabakamyi - Mukingo,Nyabinyenga - Cyerezo,,4710,Suspended Bridge,52,3/27/23,6/24/23,006f100000d6wRfAAI,1013011
Rwanda - Kamatsira - 1013899,Complete,2022,6,Rwanda Full Scale Research - Randomized and Baselined - Intervention,Kamatsira,-2.407594,29.163424,Western Province,Nyamasheke,Rangiro,Gakenke ~ Murambi,In Service,3221,Suspended Bridge,57,11/10/21,2/21/22,006f100000d88KmAAI,1013899
Rwanda - Kamiranzogera - 1012810,Complete,2023,13,Rwanda Full Scale Research - Randomized and Baselined - Intervention,Kamiranzogera,-1.93662,29.73471,Southern Province,Muhanga,Kabacuzi,Between Kabuga village of Kabuye cell and Kamiranzogera village of  Kibyimba cell,In Service,3200,Suspended Bridge,68,9/19/22,11/30/22,006f100000d6kt3AAA,1012810
Rwanda - Kamiro - 1007444,Complete,2022,3,Rwanda Full Scale Research - Randomized and Baselined - Intervention,Kamiro,-1.681,29.50024,Western Province,Nyabihu,Rambura,Rugamba_Kibisabo,In Service,3805,Suspended Bridge,58,2/7/22,6/23/22,006f100000a86EiAAI,1007444
Rwanda - Kamushi - 1012830,Under Construction,2023,4,Rwanda Full Scale Research - Randomized and Baselined - Intervention,Kamushi,-2.33542,29.67251,Southern Province,Nyanza,Rwabicuma - Cyabakamyi,Nyarusange - Nyabinyenga,,3708,Suspension Bridge,85,10/13/22,1/14/23,006f100000d6mY6AAI,1012830
Rwanda - Kanyiramana 2 - 1024587,Prospecting,2024,1,Rwanda Full Scale Research - Randomized and Baselined - Intervention,Kanyiramana 2,-2.491467,29.65875,Southern Province,Huye,Kigoma,Kababaji,,3761,Suspension Bridge,156,7/5/23,10/31/23,0063Z00000kdQ8KQAU,1024587
Rwanda - Karama - 1007400,Complete,2021,7,Rwanda Full Scale Research - Randomized and Baselined - Intervention,Karama,-2.07322294,29.71500053,Southern Province,Muhanga,Muhanga,Between Karama Village and Nyamitanga  Village,In Service,1820,Suspension Bridge,52,10/24/20,2/12/21,006f100000a86E0AAI,1007400
Rwanda - Karama - Muhengeri - 1010917,Complete,2022,1,Rwanda Full Scale Research - Randomized and Baselined - Intervention,Karama - Muhengeri,-1.671847,30.057339,Northern Province,Gicumbi,Mutete,Muhengeri,In Service,1619,Suspended Bridge,70,5/23/22,8/29/22,006f100000c5ivZAAQ,1010917
Rwanda - Karambo - 1013886,Under Construction,2023,16,Rwanda Full Scale Research - Randomized and Baselined - Intervention,Karambo,-2.221268,29.256019,Western Province,Nyamasheke,Mahembe~ Gihombo,Nyagatare~ kibingo,,7086,Suspended Bridge,86,10/10/22,1/19/23,006f100000d88DlAAI,1013886
Rwanda - Karuhanga - 1013455,Under Construction,2023,16,Rwanda Full Scale Research - Randomized and Baselined - Intervention,Karuhanga,-2.00323,29.5765,Western Province,Ngororero,Ndaro sector,Gasharu village ( Bitabage  cell ) - Kimirehe village ( kibanda cell ),,3935,Suspension Bridge,81,10/13/22,1/19/23,006f100000d7Pr1AAE,1013455
Rwanda - Karukina - 1014268,Rejected,2019,5,Rwanda Full Scale Research - Randomized and Baselined - Long Term Control,Karukina,-2.01861,30.0085,Kigali,Nyarugenge,Mageragere,Kankuba,Technical,3180,,,,12/31/18,006f100000eekYPAAY,1014268
Rwanda - Karuruma - 1014292,Prospecting,2025,8,Rwanda Full Scale Research - Randomized and Baselined - Intervention,Karuruma,-2.10672,29.86075,Southern Province,Kamonyi,Nyarubaka,Kigusa/kintama,,8600,,,,12/30/24,006f100000eekhAAAQ,1014292
Rwanda - Karuvungwa - 1012948,Prospecting,2023,14,Rwanda Full Scale Research - Randomized and Baselined - Intervention,Karuvungwa,-1.984941,29.733049,Southern Province,Muhanga,Kabacuzi-Muhanga,Mpanga Village (Ngarama cell)-Munzereri village (Remera cell),,3400,,55,4/20/23,6/30/23,006f100000d6wBZAAY,1012948
Rwanda - Kavumbu - 1013029,Complete,2022,1,Rwanda Full Scale Research - Randomized and Baselined - Intervention,Kavumbu,-1.67069,29.46836,Western Province,Nyabihu,Rambura,Mutaho,In Service,3981,Suspended Bridge,68,1/10/22,4/1/22,006f100000d6yLbAAI,1013029
Rwanda - Kavumu - 1014119,Complete,2023,18,Rwanda Full Scale Research - Randomized and Baselined - Intervention,Kavumu,-2.37608,29.16455,Western Province,Nyamasheke,Rangiro_Kanjongo,Murambi-Susa,In Service,4871,Suspended Bridge,,9/19/22,12/8/22,006f100000d1hDLAAY,1014119
Rwanda - Kibiraro - 1007499,Complete,2022,17,Rwanda Full Scale Research - Randomized and Baselined - Intervention,Kibiraro,-2.294167,29.555224,Southern Province,Nyamagabe,Kaduha,Murambi,In Service,2492,Suspended Bridge,80,2/14/22,6/24/22,006f100000a86FbAAI,1007499
Rwanda - Kibirira - 1007433,Rejected,2019,1,Rwanda Full Scale Research - Randomized and Baselined - Long Term Control,Kibirira,-1.9307222,29.6403611,Western Province,Ngororero,Gatumba,,Technical,500,,7,,11/5/18,006f100000a86EXAAY,1007433
Rwanda - Kigandi - 1013692,Complete,2022,2,Rwanda Full Scale Research - Randomized and Baselined - Intervention,Kigandi,-2.326002,29.165331,Western Province,Nyamasheke,Macuba ~ kanjongo,Vugangoma,In Service,2825,Suspended Bridge,64,6/15/21,9/21/21,006f100000d7ix5AAA,1013692
Rwanda - Kigusa - 1013761,Confirmed,2023,6,Rwanda Full Scale Research - Randomized and Baselined - Intervention,Kigusa,-1.7246,29.54478,Western Province,Nyabihu,Mulinga-Jomba,Nkomane,,3494,,79,4/10/23,6/30/23,006f100000d7kslAAA,1013761
Rwanda - Kinamba - 1013378,Identified,2025,10,Rwanda Full Scale Research - Randomized and Baselined - Intervention,Kinamba,-1.65625,29.42217,Western Province,Nyabihu,Bigogwe,Rega,,2133,,,,12/31/24,006f100000d7Gs8AAE,1013378
Rwanda - Kintare - 1007593,Prospecting,2024,13,Rwanda Full Scale Research - Randomized and Baselined - Intervention,Kintare,-2.633202,29.454371,Southern Province,Nyaruguru,Gahurizo-Cyanyirankora,Kintare-Gakuta,,4382,Suspended Bridge,80,11/28/23,3/4/24,006f100000a86H7AAI,1007593
Rwanda - Kirwa - 1013683,Confirmed,2023,11,Rwanda Full Scale Research - Randomized and Baselined - Intervention,Kirwa,-1.61152,29.70026,Northern Province,Gakenke,Busengo,Butereri/kirwa,,1240,Suspended Bridge,136,1/30/23,4/19/23,006f100000d7ieSAAQ,1013683
Rwanda - Kivomo - 1013451,Rejected,2019,8,Rwanda Full Scale Research - Randomized and Baselined - Long Term Control,Kivomo,-2.02839,29.57274,Western Province,Ngororero,Nyange sector,Nyagatama village ( vuganyana cell )-Mbobo village ( vuganyana cell ),Technical,3549,,,,12/31/18,006f100000d7PqDAAU,1013451
Rwanda - Kiyovu-buhanda - 1014094,Complete,2023,3,Rwanda Full Scale Research - Randomized and Baselined - Intervention,Kiyovu-buhanda,-2.70183,29.03029,Western Province,Rusizi,Bugarama,Pera/buhanga,In Service,1259,Hybrid Suspension Bridge,86,6/20/22,11/3/22,006f100000d1fVpAAI,1014094
Rwanda - Kucyarwamo - 1013777,Identified,2025,7,Rwanda Full Scale Research - Randomized and Baselined - Intervention,Kucyarwamo,-2.06358,29.39742,Western Province,Karongi,Rubengera sector,Kagarama village ( Kibirizi cell ) - Kabeza village ( Ruragwe cell ),,2524,Hybrid Suspension Bridge,89,,12/30/24,006f100000d7wXxAAI,1013777
Rwanda - Kugasumo - 1013377,Confirmed,2023,5,Rwanda Full Scale Research - Randomized and Baselined - Intervention,Kugasumo,-1.62689,29.48884,Western Province,Nyabihu,Jenda-Karago,Nyirakigugu-Cyamabuye,,2714,Suspended Bridge,90,4/10/23,6/30/23,006f100000d7Gs3AAE,1013377
Rwanda - Kwarasita - 1012809,Identified,2023,16,Rwanda Full Scale Research - Randomized and Baselined - Intervention,Kwarasita,-1.92495,29.78201,Southern Province,Muhanga,Kabacuzi  sector,Between Butare cell(Buyoga village)  and Ngoma Cell (Peru village ),,2101,,,4/24/23,6/30/23,006f100000d6kstAAA,1012809
Rwanda - Kwa Rukeratabaro - 1013256,Complete,2022,9,Rwanda Full Scale Research - Randomized and Baselined - Intervention,Kwa Rukeratabaro,-1.838472,29.684286,Southern Province,Muhanga,Kibangu,Nyaruvumu  village ( Mubuga cell ) - Nkondo  village ( Gitega cell ),In Service,2764,Suspended Bridge,57,11/15/21,3/4/22,006f100000d761zAAA,1013256
Rwanda - Kwiterambere - 1013678,Complete,2021,4,Rwanda Full Scale Research - Randomized and Baselined - Intervention,Kwiterambere,-1.66344,29.83439,Northern Province,Gakenke,Gashenyi,Taba/bushita,In Service,1530,Suspension Bridge,76,3/25/21,6/30/21,006f100000d7icgAAA,1013678
Rwanda - Mamashenge - 1013273,Prospecting,2023,7,Rwanda Full Scale Research - Randomized and Baselined - Intervention,Mamashenge,-2.304653,29.79009,Southern Province,Nyanza,Kigoma,Butara - Butansinda,,,Suspended Bridge,58,4/10/23,6/30/23,006f100000d766yAAA,1013273
Rwanda - Matyazo - 1013369,Rejected,2019,2,Rwanda Full Scale Research - Randomized and Baselined - Long Term Control,Matyazo,-1.64694,29.47735,Western Province,Nyabihu,Karago,Busoro_Cyamabuye,Technical,4288,,,,12/31/18,006f100000d7GrPAAU,1013369
Rwanda - Mitabi - 1007647,Prospecting,2023,7,Rwanda Full Scale Research - Randomized and Baselined - Intervention,Mitabi,-1.74817,30.03081,Northern Province,Rulindo,Burega,Karengeri,,2832,Suspended Bridge,50,1/23/23,4/17/23,006f100000a86HzAAI,1007647
Rwanda - Mpanga - 1014265,Rejected,2019,1,Rwanda Full Scale Research - Randomized and Baselined - Long Term Control,Mpanga,-2.0638,30.0279,Kigali,Nyarugenge,Mageragere,Runzenze,Technical,12213,,,,12/31/18,006f100000eekXqAAI,1014265
Rwanda - Mpombori - 1014283,Prospecting,2023,5,Rwanda Full Scale Research - Randomized and Baselined - Intervention,Mpombori,-2.0851,29.80891,Southern Province,Kamonyi,Nyarubaka,Gitare/mugereke,,1486,Suspended Bridge,44,4/19/23,6/30/23,006f100000eekgRAAQ,1014283
Rwanda - Mucyabahinja - 1007426,Complete,2022,10,Rwanda Full Scale Research - Randomized and Baselined - Intervention,Mucyabahinja,-1.819809,29.6066111,Western Province,Ngororero,Hindiro-Kageyo,Karambo-Nyagasozi and  Kiribata- Giseke,In Service,3587,Suspended Bridge,86,11/15/21,3/4/22,006f100000a86EQAAY,1007426
Rwanda - Mucyuzi - 1014006,Rejected,2023,7,Rwanda Full Scale Research - Randomized and Baselined - Intervention,Mucyuzi,-1.69435,29.30102,Western Province,Rubavu,Nyundo,Terimbere/rambura,Vehicular Bridge Required,857,Suspension Bridge,42,6/29/22,9/24/22,006f100000d1e0iAAA,1014006
Rwanda - Muduha - 1007617,Complete,2023,5,Rwanda Full Scale Research - Randomized and Baselined - Intervention,Muduha,-1.72441,30.0589,Northern Province,Rulindo,Burega-Buyoga,Rutangamundu-Gahororo,In Service,800,Suspension Bridge,52,7/11/22,10/28/22,006f100000a86HVAAY,1007617
Rwanda - Mugaseke - 1013721,Complete,2022,10,Rwanda Full Scale Research - Randomized and Baselined - Intervention,Mugaseke,-2.216836,29.283703,Western Province,Nyamasheke,Mahembe,Gisoke,In Service,2412,Suspended Bridge,65,11/15/21,2/15/22,006f100000d7jEuAAI,1013721
Rwanda - Mugonero - 1014056,Complete,2021,4,Rwanda Full Scale Research - Randomized and Baselined - Intervention,Mugonero,-2.14763,29.34468,Western Province,Karongi,Rwankuba sector,Kanyarusanga village ( Rubazo cell ) - Kigarama  village ( Bisesero cell ),In Service,540,Suspended Bridge,104,7/6/20,6/25/21,006f100000d1fPrAAI,1014056
Rwanda - Mugote - 1007477,Complete,2022,13,Rwanda Full Scale Research - Randomized and Baselined - Intervention,Mugote,-2.4477333,29.41455333,Southern Province,Nyamagabe,Buruhukiro,Kizimyamuriro,In Service,1720,Suspended Bridge,60,8/9/21,11/9/21,006f100000a86FFAAY,1007477
Rwanda - Muhazi - 1014310,Rejected,2024,6,Rwanda Full Scale Research - Randomized and Baselined - Intervention,Muhazi,-1.873616,29.852021,Southern Province,Kamonyi,Kayenzi,Kirwa,Technical,25000,,,2/6/24,5/11/24,006f100000eeqqSAAQ,1014310
Rwanda - Muhembe - 1007425,Complete,2021,7,Rwanda Full Scale Research - Randomized and Baselined - Intervention,Muhembe,-1.82487,29.61382,Western Province,Ngororero,Hindiro -Kageyo,Between Gaseke  vilage from Kageyo and Nyagasozi village from Hindiro,In Service,2102,Suspended Bridge,92,2/18/21,5/19/21,006f100000a86EPAAY,1007425
Rwanda - Mujerenge - 1007463,Complete,2022,14,Rwanda Full Scale Research - Randomized and Baselined - Intervention,Mujerenge,-2.45195667,29.427665,Southern Province,Nyamagabe,Buruhukiro,Bushigishigi,In Service,995,Suspended Bridge,70,8/9/21,11/22/21,006f100000a86F1AAI,1007463
Rwanda - Mukaka - 1012800,Complete,2022,1,Rwanda Full Scale Research - Randomized and Baselined - Intervention,Mukaka,-1.62147,29.96712,Northern Province,Rulindo,Rukozo-Miyove,Mbuye-Miyove,In Service,2456,Suspension Bridge,118,3/7/22,6/10/22,006f100000d6kr4AAA,1012800
Rwanda - Mukamira - 1007439,Under Construction,2023,4,Rwanda Full Scale Research - Randomized and Baselined - Intervention,Mukamira,-1.6198,29.50244,Western Province,Nyabihu,Mukamira,Jaba_Cyamabuye,,3006,Suspended Bridge,38,11/15/22,1/26/23,006f100000a86EdAAI,1007439
Rwanda - Munanira - 1007556,Prospecting,2023,16,Rwanda Full Scale Research - Randomized and Baselined - Intervention,Munanira,-2.735612,29.566853,Southern Province,Nyaruguru,Munini,,,1137,Suspended Bridge,115,1/21/23,4/18/23,006f100000a86GWAAY,1007556
Rwanda - Munanira - 1013583,Complete,2023,16,Rwanda Full Scale Research - Randomized and Baselined - Intervention,Munanira,-2.396316,29.577776,Southern Province,Nyamagabe,Kibirizi-Mbazi,Karambo-Ngambe,In Service,4717,Suspended Bridge,62,2/14/22,10/7/22,006f100000d7bIlAAI,1013583
Rwanda - Munini I - 1014052,Complete,2022,5,Rwanda Full Scale Research - Randomized and Baselined - Intervention,Munini I,-2.18836,29.37793,Western Province,Karongi,Rwankuba sector,Nyantwa village ( Bigugu cell ) - Byimana village ( Munini cell ),In Service,2697,Suspension Bridge,63,11/15/21,2/18/22,006f100000d1fPNAAY,1014052
Rwanda - Murambi - 1007424,Complete,2022,14,Rwanda Full Scale Research - Randomized and Baselined - Intervention,Murambi,-1.856167,29.622611,Western Province,Ngororero,Ngororero -Kageyo,Murambi,In Service,1000,Suspended Bridge,78,9/6/21,12/16/21,006f100000a86EOAAY,1007424
Rwanda - Musange - 1013668,Identified,2025,15,Rwanda Full Scale Research - Randomized and Baselined - Intervention,Musange,-1.61697,29.79172,Northern Province,Gakenke,Nemba,Mucaca/kiryamo,,1610,Suspension Bridge,59,,12/30/24,006f100000d7ib4AAA,1013668
Rwanda - Musange kukibuga - 1013670,Confirmed,2023,14,Rwanda Full Scale Research - Randomized and Baselined - Intervention,Musange kukibuga,-1.63681,29.789747,Northern Province,Gakenke,Nemba,Mucaca/ngahinga,,1812,Suspension Bridge,105,2/16/23,5/13/23,006f100000d7ibTAAQ,1013670
Rwanda - Mushepari - 1012811,Complete,2023,2,Rwanda Full Scale Research - Randomized and Baselined - Intervention,Mushepari,-1.696388,29.273055,Western Province,Rubavu,Rugerero,Rwaza/gateko-rwaza/mushoko,In Service,1900,Suspension Bridge,42,8/15/22,11/1/22,006f100000d6kvJAAQ,1012811
Rwanda - Mutiwingoma - 1007481,Complete,2021,8,Rwanda Full Scale Research - Randomized and Baselined - Intervention,Mutiwingoma,-2.363733,29.55353,Southern Province,Nyamagabe,Mbazi-Kaduha,Mutiwingoma,In Service,2601,Suspension Bridge,120,7/7/20,11/6/20,006f100000a86FJAAY,1007481
Rwanda - Muturagara-Gatobo - 1013025,Identified,2025,9,Rwanda Full Scale Research - Randomized and Baselined - Intervention,Muturagara-Gatobo,-1.67321,29.57457,Western Province,Nyabihu,Rurembo,Rwaza,Requested,4470,,,,12/31/24,006f100000d6yLHAAY,1013025
Rwanda - Muza - 1014335,Complete,2023,3,Rwanda Full Scale Research - Randomized and Baselined - Intervention,Muza,-1.926511,29.814264,Southern Province,Kamonyi,Kayenzi,Kayonza,In Service,10150,Suspended Bridge,68,7/2/22,10/21/22,006f100000eessFAAQ,1014335
Rwanda - Mweya - 1007522,Rejected,2025,8,Rwanda Full Scale Research - Randomized and Baselined - Long Term Control,Mweya,-2.32999,29.64216,Southern Province,Nyanza,Cyabakamyi-Nyagisozi,Mweya,Technical,2992,,,,12/30/24,006f100000a86FyAAI,1007522
Rwanda - Ngoma - 1012951,Complete,2021,6,Rwanda Full Scale Research - Randomized and Baselined - Intervention,Ngoma,-2.04935967,29.70709763,Southern Province,Muhanga,Muhanga,Cyurutare village (Nyamirama cell )- Mataba Village (Kanyinya  cell),In Service,3542,Suspended Bridge,135,10/24/20,2/25/21,006f100000d6wBoAAI,1012951
Rwanda - Nkegete - 1012807,Prospecting,2023,17,Rwanda Full Scale Research - Randomized and Baselined - Intervention,Nkegete,-1.91078,29.77379,Southern Province,Muhanga,Kabacuzi,Ngoma  Cell (Between Peru Village and Nkegete Village),,1441,Suspended Bridge,77,4/29/23,6/30/23,006f100000d6ksKAAQ,1012807
Rwanda - Nonwe - 1013717,Complete,2023,15,Rwanda Full Scale Research - Randomized and Baselined - Intervention,Nonwe,-2.224749,29.291024,Western Province,Nyamasheke,Mahembe,Gisoke,In Service,2133,Suspended Bridge,68,9/23/22,12/2/22,006f100000d7jEVAAY,1013717
Rwanda - Ntaruka - 1007347,Complete,2021,1,Rwanda Full Scale Research - Randomized and Baselined - Intervention,Ntaruka,-1.781111111,29.87916667,Northern Province,Gakenke,Muhondo-muyongwe,/musenyi/musenyi-/va/gikombe,In Service,1600,Suspended Bridge,44,3/29/21,6/28/21,006f100000a86D9AAI,1007347
Rwanda - Ntora - 1007680,Rejected,2019,1,Rwanda Full Scale Research - Randomized and Baselined - Long Term Control,Ntora,-1.916403,30.04942,Kigali,Gasabo,Gatsata Gisozi,Nyamugali-Ruhango,Technical,6000,,400,,11/28/18,006f100000a86IWAAY,1007680
Rwanda - Nyabihunyira - 1014011,Complete,2022,12,Rwanda Full Scale Research - Randomized and Baselined - Intervention,Nyabihunyira,-2.554196,29.043492,Western Province,Nyamasheke,Karengera~ nyakabuye,Higiro~ nyabintare,In Service,10588,Suspended Bridge,78,3/2/22,5/27/22,006f100000d1f2TAAQ,1014011
Rwanda - Nyabikeri - 1014031,Complete,2021,1,Rwanda Full Scale Research - Randomized and Baselined - Intervention,Nyabikeri,-2.209275,29.47145,Western Province,Karongi,Ruganda,Nyabikeri(Nyabikeri-Gahororo),In Service,4001,Hybrid Suspension Bridge,90,7/2/20,6/18/21,006f100000d1fMsAAI,1014031
Rwanda - Nyabirondo - 1014264,Rejected,2019,2,Rwanda Full Scale Research - Randomized and Baselined - Long Term Control,Nyabirondo,-2.05434,30.04781,Kigali,Nyarugenge,Mageragere,Nyarurenzi,Technical,5872,,,,12/31/18,006f100000eekXlAAI,1014264
Rwanda - Nyabiyonga - 1013461,Complete,2022,9,Rwanda Full Scale Research - Randomized and Baselined - Intervention,Nyabiyonga,-1.94216,29.55835,Western Province,Ngororero,Bwira - Sovu,Rutembo village ( Bungwe  cell )- gisiza village ( rutovu  cell ),In Service,4968,Suspended Bridge,70,9/6/21,12/15/21,006f100000d7PrVAAU,1013461
Rwanda - Nyabizi ya 1 - 1013496,Complete,2023,2,Rwanda Full Scale Research - Randomized and Baselined - Intervention,Nyabizi ya 1,-1.33001,29.82555,Northern Province,Burera,Kinyababa,Rutovu,In Service,1854,Suspended Bridge,60,6/10/22,10/28/22,006f100000d7Q9rAAE,1013496
Rwanda - Nyagakizi - 1009714,Complete,2022,3,Rwanda Full Scale Research - Randomized and Baselined - Intervention,Nyagakizi,-1.533333,30.173611,Northern Province,Gicumbi,Bwisige,Gihuke-Nyagakizi,In Service,1216,Suspension Bridge,77,5/23/22,8/29/22,006f100000bMK1XAAW,1009714
Rwanda - Nyagisasa - 1013895,Complete,2022,3,Rwanda Full Scale Research - Randomized and Baselined - Intervention,Nyagisasa,-2.343073,29.140422,Western Province,Nyamasheke,Kanjongo,kibogora~Raro,In Service,7124,Suspension Bridge,114,5/31/21,10/4/21,006f100000d88IgAAI,1013895
Rwanda - Nyakabande-Bitaba - 1015561,Complete,2021,3,Rwanda Full Scale Research - Randomized and Baselined - Intervention,Nyakabande-Bitaba,-2.109525,29.314058,Western Province,Karongi,Mubuga,Kagabiro-Ryaruhanga,In Service,1945,Hybrid Suspension Bridge,97,7/2/20,6/18/21,006f100000fHAHXAA4,1015561
Rwanda - Nyakabingo - 1013568,Rejected,2020,4,Rwanda Full Scale Research - Randomized and Baselined - Long Term Control,Nyakabingo,-2.279466,29.199971,Western Province,Nyamasheke,Kirimbi,Muhororo,Technical,1838,,,,7/2/20,006f100000d7b6VAAQ,1013568
Rwanda - Nyakabuye - Nkomane - 1007495,Complete,2021,6,Rwanda Full Scale Research - Randomized and Baselined - Intervention,Nyakabuye - Nkomane,-2.233022,29.57513,Southern Province,Nyamagabe,Musange,Gasave,In Service,2790,Suspension Bridge,78,7/7/20,10/23/20,006f100000a86FXAAY,1007495
Rwanda - Nyanza - 1013539,Rejected,2019,12,Rwanda Full Scale Research - Randomized and Baselined - Long Term Control,Nyanza,-1.74082,29.53777,Western Province,Ngororero,Kabaya  ( Ngororero ) - Muringa  ( Nyabihu ),Nyanza village - Kamajanga village,Technical,4066,,,,12/31/18,006f100000d7ayMAAQ,1013539
Rwanda - Nyarubuye - 1014267,Rejected,2019,4,Rwanda Full Scale Research - Randomized and Baselined - Long Term Control,Nyarubuye,-2.04925,29.98573,Kigali,Nyarugenge,Mageragere,Kivumu,Technical,3484,,,,12/31/18,006f100000eekYFAAY,1014267
Rwanda - Nyarurama - 1007630,Prospecting,2023,9,Rwanda Full Scale Research - Randomized and Baselined - Intervention,Nyarurama,-1.754738,30.084552,Northern Province,Rulindo,Ntarabana-Mutete,Nyarurama-Kagarama,,2556,Suspended Bridge,103,1/30/23,4/26/23,006f100000a86HiAAI,1007630
Rwanda - Nyarusange - 1013792,Confirmed,2023,9,Rwanda Full Scale Research - Randomized and Baselined - Intervention,Nyarusange,-1.72848,29.76589,Northern Province,Gakenke,Mataba,Nyundo/kabuyora,,2740,Suspended Bridge,104,1/23/23,4/17/23,006f100000d7wv0AAA,1013792
Rwanda - Nyarusange - 1014269,Complete,2021,3,Rwanda Full Scale Research - Randomized and Baselined - Intervention,Nyarusange,-1.894583,29.996602,Kigali,Nyarugenge,Kanyinya,Taba,In Service,4378,Suspended Bridge,132,11/6/20,3/4/21,006f100000eekYUAAY,1014269
Rwanda - Peru - 1013563,Rejected,2019,7,Rwanda Full Scale Research - Randomized and Baselined - Long Term Control,Peru,-2.304747,29.219334,Western Province,Nyamasheke,Macuba,Gatare,Technical,2955,,,,12/14/18,006f100000d7b66AAA,1013563
Rwanda - Rudehero - 1014134,Rejected,2019,17,Rwanda Full Scale Research - Randomized and Baselined - Long Term Control,Rudehero,-2.37845,29.1393,Western Province,Nyamasheke,Rangiro-Kagano,Jurwe-Gako,Technical,9782,,,,12/31/18,006f100000d1hH3AAI,1014134
Rwanda - Rugarama1 - 1014293,Identified,2025,4,Rwanda Full Scale Research - Randomized and Baselined - Intervention,Rugarama1,-2.109614,29.84785,Southern Province,Kamonyi,Nyarubaka,Kigusa/rugarama,,3107,Suspended Bridge,60,,12/30/24,006f100000eekhFAAQ,1014293
Rwanda - Rugeshi - 1013459,Complete,2021,6,Rwanda Full Scale Research - Randomized and Baselined - Intervention,Rugeshi,-1.96038,29.54036,Western Province,Ngororero,Bwira - Sovu,Rugeshi  village ( GASHUBI cell ) - Ruganda village ( Kanyana cell ),In Service,,Suspended Bridge,110,2/18/21,5/31/21,006f100000d7PrLAAU,1013459
Rwanda - Ruhabwa - 1014009,Rejected,2019,11,Rwanda Full Scale Research - Randomized and Baselined - Long Term Control,Ruhabwa,-2.515733,29.04382,Western Province,Nyamasheke,Karengera,Mwezi,Technical,9384,,,,11/5/18,006f100000d1f2JAAQ,1014009
Rwanda - Ruhunde - 1012956,Complete,2023,11,Rwanda Full Scale Research - Randomized and Baselined - Intervention,Ruhunde,-1.77785489,29.67587526,Southern Province,Muhanga,Nyabinoni,Gitwa village (Nyarusozi cell ) - Nyarusange  village (Mbuga cell ),In Service,2851,Suspended Bridge,65,9/12/22,12/6/22,006f100000d6wCDAAY,1012956
Rwanda - Rukombe - 1013452,Rejected,2019,15,Rwanda Full Scale Research - Randomized and Baselined - Long Term Control,Rukombe,-1.98911,29.60512,Western Province,Ngororero,Ndaro sector,Rutonde village ( Bijyojyo  cell ) - Masoro village ( Kabageshi cell ),Technical,2601,,,,12/31/18,006f100000d7PqSAAU,1013452
Rwanda - Rurongora - 1012816,Complete,2022,9,Rwanda Full Scale Research - Randomized and Baselined - Intervention,Rurongora,-2.34152,29.466329,Southern Province,Nyamagabe,Musebeya-kaduha,Nyarurambi,In Service,1962,Suspended Bridge,96,8/9/21,11/12/21,006f100000d6kx0AAA,1012816
Rwanda - Rusayo - 1012004,Under Construction,2023,10,Rwanda Full Scale Research - Randomized and Baselined - Intervention,Rusayo,-1.96222,29.461388,Western Province,Rutsiro,Rusebeya-manihira-mushubati,Kabona/byiniro-haniro/rukondo-gitwa/rububa,,2200,Suspended Bridge,108,10/17/22,1/31/23,006f100000cx4bNAAQ,1012004
Rwanda - Rushikiri - 1014330,Prospecting,2023,7,Rwanda Full Scale Research - Randomized and Baselined - Intervention,Rushikiri,-1.938207,29.948912,Southern Province,Kamonyi,Rukoma,Murehe,,6120,Suspended Bridge,53,2/6/23,5/30/23,006f100000eesiZAAQ,1014330
Rwanda - Rusumo - 1013737,Prospecting,2023,12,Rwanda Full Scale Research - Randomized and Baselined - Intervention,Rusumo,-1.65413,30.01517,Northern Province,Rulindo,Kisaro_Miyove,Sayo_Gakenke,,4340,Suspended Bridge,59,2/16/23,5/12/23,006f100000d7jMtAAI,1013737
Rwanda - Rusuzumiro - 1013349,Prospecting,2023,18,Rwanda Full Scale Research - Randomized and Baselined - Intervention,Rusuzumiro,-1.98365945,29.65245312,Southern Province,Muhanga,Mushishiro,Kabeza  village ( Matyazo  cell ) - Rugerero  village ( Rukaragata cell ),,4950,,,4/10/23,6/30/23,006f100000d7EZHAA2,1013349
Rwanda - Rutanzogera - 1007672,Under Construction,2023,11,Rwanda Full Scale Research - Randomized and Baselined - Intervention,Rutanzogera,-1.957,29.531833,Western Province,Rutsiro,Rusebeya,Ruronde-gashubi,,3437,Suspended Bridge,82,10/17/22,1/21/23,006f100000a86IOAAY,1007672
Rwanda - Ruyebe - 1013392,Identified,2025,11,Rwanda Full Scale Research - Randomized and Baselined - Intervention,Ruyebe,-1.65549,29.51862,Western Province,Nyabihu,Karago,Karengere-Kadahenda,Requested,2624,,,,12/31/24,006f100000d7GtGAAU,1013392
Rwanda - Ruyenzi - 1007582,Prospecting,2024,15,Rwanda Full Scale Research - Randomized and Baselined - Intervention,Ruyenzi,-2.755722,29.454917,Southern Province,Nyaruguru,Ruheru-Nyabimata,Ruyenzi-Kabere(Ruyenzi-Uwigisura),,4903,Suspended Bridge,88,12/5/23,3/13/24,006f100000a86GwAAI,1007582
Rwanda - Rwabagenzi - 1012952,Complete,2022,10,Rwanda Full Scale Research - Randomized and Baselined - Intervention,Rwabagenzi,-2.042163,29.722419,Southern Province,Muhanga,Muhanga,Rwabagenzi -Nyiramarangara (both in Nyamirama cell ),In Service,4514,Suspension Bridge,78,12/2/21,4/30/22,006f100000d6wBtAAI,1012952
Rwanda - Rwangambibi - 1007465,Complete,2022,12,Rwanda Full Scale Research - Randomized and Baselined - Intervention,Rwangambibi,-2.343056,29.4325,Southern Province,Nyamagabe,Gatare,Shyeru,In Service,3475,Suspended Bridge,83,8/9/21,11/12/21,006f100000a86F3AAI,1007465
Rwanda - Rwaninka - 1013736,Prospecting,2024,11,Rwanda Full Scale Research - Randomized and Baselined - Intervention,Rwaninka,-2.733162,29.520608,Southern Province,Nyaruguru,Munini-Ruheru,Ntwali-Gite,,3580,Suspended Bridge,108,12/5/23,3/20/24,006f100000d7jImAAI,1013736
Rwanda - Rwasa - 1013422,Complete,2022,11,Rwanda Full Scale Research - Randomized and Baselined - Intervention,Rwasa,-2.41763333,29.555675,Southern Province,Nyamagabe,Kibumbwe-Kibirizi,Bwenda-Bugarura,In Service,3582,Suspended Bridge,70,8/9/21,11/5/21,006f100000d7JDHAA2,1013422
Rwanda - Rwengezi - 1014104,Complete,2023,1,Rwanda Full Scale Research - Randomized and Baselined - Intervention,Rwengezi,-2.587173,29.105957,Western Province,Rusizi,Butare,Rwambogo,In Service,5996,Suspended Bridge,120,6/1/22,9/22/22,006f100000d1fjmAAA,1014104
Rwanda - Rwunga - 1013465,Confirmed,2023,2,Rwanda Full Scale Research - Randomized and Baselined - Intervention,Rwunga,-1.492419,29.573354,Northern Province,Musanze,Musanze~shingiro~kimonyi,Nyarubuye~rwambogo~kibuguzo,,1035,Suspended Bridge,55,2/7/23,5/3/23,006f100000d7Q52AAE,1013465
Rwanda - Shyagari - 1013263,Complete,2023,12,Rwanda Full Scale Research - Randomized and Baselined - Intervention,Shyagari,-2.003951,29.675447,Southern Province,Muhanga,Mushishiro,Kabare village ( Munazi cell) - Nyanza village ( Rwigerero cell ),In Service,2609,Suspended Bridge,80,8/29/22,11/25/22,006f100000d762YAAQ,1013263
Rwanda - Shyira - 1013628,Identified,2025,17,Rwanda Full Scale Research - Randomized and Baselined - Intervention,Shyira,-1.69922,29.63391,Northern Province,Gakenke,Gakenke,Mugunga/rutenderi/nyundo,Requested,4596,,,,12/31/24,006f100000d7iQfAAI,1013628
Rwanda - Sovu - 1013225,Complete,2022,10,Rwanda Full Scale Research - Randomized and Baselined - Intervention,Sovu,-2.510714,29.53571,Southern Province,Nyamagabe,Kamegeri,Kamegeri-Nyamigina,In Service,3540,Suspended Bridge,43,8/9/21,11/8/21,006f100000d75zUAAQ,1013225
Rwanda - Uwumugeti-Kigusa - 1012997,Complete,2021,7,Rwanda Full Scale Research - Randomized and Baselined - Intervention,Uwumugeti-Kigusa,-2.540715,29.503838,Southern Province,Nyamagabe,Tare,Nkumbure-Gatovu,In Service,2762,Suspended Bridge,55,6/20/20,9/22/20,006f100000d6wNyAAI,1012997